[6.649112199999999,3.2710606]	lyama meiran along toll gate,Alimosho	5/1/18
[6.635898,3.342576]	Ajayi Road off Yaya Abatan Ogba,Agege	5/1/18
[6.5224636,3.3350587]	Ilasa Bls Inward,Oshodi Isolo	5/1/18
[6.555018899999999,3.3962023]	Iyana Oworo Carwash Bus-Stop Inward,Kosofe	5/1/18
[6.521230099999999,3.3470892]	Ojuoye Bls Itire Road,Mushin	5/1/18
[6.4420123,3.4153161]	Awolowo Road Inward Towshwa Street Underbridge,Ikeja	5/2/18
[6.475407,3.0184816]	Barracks Bus-Stop along Badagry Expressway by Inward Trade Fair,Surulere	5/2/18
[6.614355,3.2977358]	Alagutan Bus Stop Iyana-Ipaja,Agege	5/3/18
[6.6117811,3.3006651]	AlimoshoRoundabout Inward Egbeda,Alimosho	5/8/18
[6.5672367,3.3673133]	Maryland Shopping Mall inward Maryland,Kosofe	5/5/18
[6.5648705,3.3468695]	Taskforce Office, Bolade,Oshodi Isolo	5/1/18
[6.6359906,3.3390732]	Yaya Abatan outward Pencuema closed to Excellent hotel,Agege	5/2/18
[6.6053337,3.2792438]	Before Dopemu Underbridge Inward Iyana-Ipaja,Agege	4/2/18
[6.6289187,3.3245515]	RTA Ishaga bus stop inward Abule-Egba,Agege	5/9/18
[6.6133804,3.3294282]	Capito Road inward Ashade,Agege	5/19/18
[6.606249999999999,3.39264]	Ile-ewa bus stop kosofe inward mile 12,Kosofe	5/5/18
[6.6085578,3.3094077]	Dopemu before the Bridge,Agege	5/7/18
[6.6403558,3.3176431]	Abattoir, Gengeto Bus Stop,Agege	5/4/18
[6.6403558,3.3176431]	Abattoir, Gengeto Bus Stop,Agege	5/4/18
[6.6403558,3.3176431]	Abattoir, Gengeto Bus Stop,Agege	5/4/18
[6.6403558,3.3176431]	Abattoir, Gengeto Bus Stop,Agege	5/4/18
[6.6403558,3.3176431]	Abattoir, Gengeto Bus Stop,Agege	5/4/18
[6.529884999999999,3.353477]	Mushin Bus Stop inward Alakara,Mushin	5/4/18
[6.588236299999999,3.3978098]	Ojoba Bridge inward Alapere CMKO Abiola Garden,Kosofe	5/4/18
[6.65764,3.3244683]	Ostto St. Fagba Bus Stop Abule-Egba Lagos,Ifako Ijaiye	5/4/18
[6.558534,3.367001]	Anthony Bus Stop Outward,Oshodi Isolo	5/7/18
[6.527977099999999,3.3744255]	Moroco Bus Stop Landmark Firstbank,Shomolu	5/7/18
[6.625461199999999,3.4839356]	Ojubode by Reel Buses,Ikorodu	5/26/18
[6.5409839,3.3674149]	Palmgrove Bus Stop inward Maryland,Shomolu	5/23/18
[6.4700486,3.3226615]	2nd Rainbow inward ,Oshodi Isolo	5/21/18
[6.531492,3.3359385]	Abagada Bus Stop Inward,Oshodi Isolo	5/21/18
[6.6394141,3.3322259]	Omole Bus Stop inward Ogba,Ikeja	5/21/18
[6.5928574,3.3042212]	Moshalashi by Sasha Road,Alimosho	5/27/18
[6.525943799999999,3.3573559]	Olosha Bus Stop,Mushin	5/27/18
[6.63505,3.323908]	Iju Road by MEF Filling Station,Ifako Ijaiye	5/29/18
[6.6055663,3.400014]	Mile 12 Under Bridge,Kosofe	5/6/18
[6.614609,3.4733222]	Ogolonto b/stop by BRT Lane,Ikorodu	5/22/18
[6.6528045,3.3233198]	Iju road after Mosque, Yaya Abatan,Ifako Ijaiye	5/3/18
[6.586806699999999,3.3538694]	Maruwa Gardens by Otedola near filling station,Ikeja	5/5/18
[6.625461199999999,3.4839356]	Agric bus/stop inward ,Ikorodu	5/9/18
[6.625461199999999,3.4839356]	Agric b/stop,Ikorodu	5/21/18
[6.6193374,3.4752846]	Ogolonto bus stop,Ikorodu	5/21/18
[6.6194972,3.4744293]	Majidun inward Ogolonto,Ikorodu	5/2/18
[6.6195112,3.4629867]	Majidun inward ,Ikorodu	5/2/18
[6.6195112,3.4629867]	Majidun inward,Ikorodu	5/2/18
[6.614609,3.4733222]	Ologede b/stop inward ogolonto by justribe,Ikorodu	5/2/18
[6.632223799999999,3.5099166]	Oriwu Club Laspotech inward Odogunyan,Ikorodu	5/2/18
[6.632223799999999,3.5099166]	Oriwu Club by Jubilee estate,Ikorodu	5/2/18
[6.4913047,3.0284612]	Oko-afo comforter b/stop inward badagry,Badagry	5/18/18
[6.5818185,3.3211348]	International Airport stop ONBR,Ikeja	5/7/18
[6.529929,3.2992]	Brown Str. Oshodi,Oshodi Isolo	5/9/18
[6.6479228,3.307782]	Domino Plaza, Abule Egba,Alimosho	5/8/18
[6.6025678,3.3090949]	Cele bus stop inward Egbeda opp Keftue Bank,Alimosho	5/30/18
[6.6082899,3.2590231]	Iyana-Ipaja Dayco filling station,Alimosho	5/29/18
[6.6082358,3.3363616]	Migante Rd Oba-Akran (First Bank),Ikeja	5/29/18
[6.460594599999999,3.1869315]	Alaba Int by St Patrick b/s,Ojo	5/28/18
[6.4893239,3.3245777]	Mepa b/s Oshodi Apapa Express inward Celle,Surulere	5/28/18
[6.4893239,3.3245777]	Mepa b/s Oshodi Apapa Express inward Celle,Surulere	5/28/18
[6.4893239,3.3245777]	Mepa b/s Oshodi Apapa Express inward Celle,Surulere	5/28/18
[6.4893239,3.3245777]	Mepa b/s Oshodi Apapa Express inward Celle,Surulere	5/28/18
[6.505908000000001,3.3236003]	Mepa b/s inward Cele,Surulere	5/28/18
[6.505908000000001,3.3236003]	Mepa b/s inward Cele,Surulere	5/28/18
[6.6131329,3.3460906]	Adeniyi Jones by Harmony Estate,Ikeja	5/21/18
[6.439451999999999,2.9078579]	Aradagun b/stop,Badagry	5/7/18
[6.5138403,3.3311785]	Mepa b/s Oshodi Apapa Expressway inward Cele,Oshodi Isolo	5/28/18
[6.5099974,3.3650011]	Ojuelegba bridge inward Redeyi,Surulere	5/28/18
[6.579534199999999,3.3813509]	Anthony B/stop inward Ojota,Kosofe	5/28/18
[6.597909899999999,3.3653643]	Oremeta, EHiS Hotel ,Ikeja	5/3/18
[6.5926769,3.4005257]	Ketu link bridge by Demurin,Kosofe	5/18/18
[6.5337425,3.4010203]	3rd Mainland Bridge inward Adewale,Shomolu	5/9/18
[6.4329553,3.4821678]	Ikate R/about,Eti Osa	5/28/18
[6.451797399999999,3.3942926]	Eko Akete,Lagos Island	5/6/18
[6.588236299999999,3.3978098]	Alapere by The Apertabe Church,Kosofe	5/30/18
[6.588779199999999,3.3994129]	Alapere bustop inward Ketu,Kosofe	5/31/18
[6.6294287,3.3261754]	Pen Cinema b/stop Agege LG office,Agege	5/31/18
[6.6261427,3.3535281]	Agidingbi nad by Mega Chicken,Ikeja	5/27/18
[6.433476199999999,3.5136414]	Jakande by Ologolo B/Stop,Ibeju Lekki	5/26/18
[6.4729062,3.7223789]	Lakowe Bus-stop,Ibeju Lekki	5/25/18
[6.4732354,3.7296398]	Lakowe junction Epe expressway,Ibeju Lekki	5/20/18
[6.6478419,3.3147939]	Pen Cinema Abbatior before police station,Ifako Ijaiye	5/26/18
[6.638643999999999,3.312819]	Oko-Oba Rd by carwash inward Abaten ,Agege	5/26/18
[6.651132,3.3763369]	Olajide Street, Berger,Ikeja	5/24/18
[36.1620415,-86.77221019999999]	7up Pedestrian Bridge,Ikeja	3/1/18
[36.1620415,-86.77221019999999]	7up Pedestrian Bridge,Ikeja	4/1/18
[6.4868039,3.3624294]	Iponri Estate,Surulere	4/11/18
[6.482167,3.383145]	Otto Bustop inward Oyingbo,Lagos Mainland	4/13/18
[6.462900599999999,3.418825]	Osborne road, Dolphin Estate,Eti Osa	4/7/18
[6.4384522,3.5088246]	Inside Shoprite Mall,Eti Osa	4/11/18
[6.439996799999999,3.4323141]	Ozomba Mbadiwe Road,Eti Osa	4/7/18
[6.6207481,3.3529569]	Airport road by mobile filling station,Ikeja	4/4/18
[6.511804,3.3357373]	Ilasa Itire Rd,Mushin	4/4/18
[6.5224636,3.3350587]	Ilasamaga bustop inward Oshodi,Mushin	4/4/18
[6.5224636,3.3350587]	Ilasa bstop,Apapa	4/4/18
[6.531492,3.3359385]	Pako Bus Stop, Ayobo Ipaja road,Oshodi Isolo	4/2/18
[6.586719899999999,3.3805451]	Gbadebo str Ojota B/Stop,Ikeja	4/4/18
[6.601838,3.3514863]	Ojodu Secondary School,Ikeja	4/2/18
[6.601838,3.3514863]	Ojodu Secondary School,Ikeja	4/2/18
[6.5409839,3.3674149]	Anthony B/Stop inward Palm,Shomolu	4/6/18
[6.649112199999999,3.2710606]	Mason New Bridge inward Meiran,Alimosho	4/7/18
[6.6409144,3.3235571]	Ishaga Road Statwen Bustop inward Alambutu,Agege	4/7/18
[6.544385500000001,3.3563416]	Abattior infront of police station,Agege	4/1/18
[6.588236299999999,3.3978098]	Alapere R/About outward Ketu,Kosofe	4/18/18
[6.6854,3.300509]	Kola b/stop inward Ijaiye Agbado,Ifako Ijaiye	4/18/18
[6.6213657,3.3360238]	Akilo Road Egba,Ikeja	4/17/18
[6.621069100000001,3.3609354]	Abiola garden inward ojodu,Ikeja	4/18/18
[6.621069100000001,3.3609354]	Abiola garden inward Ojudu,Ikeja	4/18/18
[6.5381697,3.400003]	Olopomeji inward 3rd mainland bridge,Kosofe	4/8/18
[6.620054,3.352793]	Agindingbi by Daily Times B/Stop,Ikeja	4/1/18
[6.6000419,3.3787626]	Zenith bank CMD road Irosi,Kosofe	4/19/18
[6.639772199999999,3.367996]	Ojodu Berger Bomat bus stop birdmart Domino Plaza,Ikeja	4/19/18
[6.6178643,3.4000616]	Tofell Filling Station OPN Magodo inward Ojota,Kosofe	4/2/18
[6.6052795,3.278803]	Iyanapaja pleasure b/stop,Alimosho	4/12/18
[6.59408,3.33625]	Ikeja along underbridge,Ikeja	4/12/18
[6.6827149,3.3187418]	Ijaiye b/stop inward bango,Ifako Ijaiye	4/14/18
[6.6547512,3.2538]	AIT Inward Amikanle Agbado close to bondpast/swist filling station,Ifako Ijaiye	4/2/18
[6.609397299999999,3.368881]	7up/ grand square,Ikeja	4/21/18
[6.588236299999999,3.3978098]	Chinese Town inward Alapere,Kosofe	4/15/18
[6.460008999999999,3.228578]	PPL bus stop inward Badagry,Ojo	4/22/18
[6.6053337,3.2792438]	Iyana-Ipaja u-bridge inward ile-eso,Agege	4/28/18
[6.482819999999999,3.17227]	Iyana-Ishashi b/s inward Badagry,Ojo	4/14/18
[6.550827399999999,3.3318615]	7 & 8 Junction Airport Rd,Ikeja	4/24/18
[6.529929,3.2992]	Brown Junction,Oshodi Isolo	4/23/18
[6.558534,3.367001]	Anthony B/Stop Ikorodu Road,Ikeja	4/19/18
[6.6178643,3.4000616]	Infront of Mobil f/station gate, Magodo,Ikeja	4/23/18
[6.5409839,3.3674149]	Palmgrove B/S inward Mangala,Shomolu	4/24/18
[6.591397,3.3489923]	Mobokyi Bank Anthony,Ikeja	4/24/18
[6.474008,3.2021732]	Lasu Gate Inward Iyana-Oba,Ojo	4/28/18
[6.5214902,3.3349463]	Oshodi Pedestrian Bridge,Oshodi Isolo	4/25/18
[6.589321099999999,3.3774339]	Tipper Garage,Kosofe	4/26/18
[6.6207481,3.3529569]	Mobil filling station after toll gate,Ikeja	4/23/18
[6.5151087,3.3886033]	Abule Oja bstop coming from yaba inward bariga unilag road, vitafoam office,Shomolu	4/28/18
[6.6321593,3.5353721]	Itamaga Sawmile,Ikorodu	4/9/18
[6.6616952,3.5919549]	Itoikin Rd Adamo busstop,Ikorodu	4/10/18
[6.625461199999999,3.4839356]	Majidun close to Obgolonto before bridge inward Ketu,Ikorodu	4/21/18
[6.506448,3.363545]	Barracks inward Ojuelegba,Lagos Mainland	4/24/18
[6.505999999999999,3.363849]	Stadium b/stop inward Barracks,Surulere	4/25/18
[6.489160099999999,3.3587262]	Bode Thomas,Surulere	4/7/18
[6.4385055,3.3869337]	Marine bridge inward Apapa outward Ajegunle boundary,Apapa	4/8/18
[6.434566999999999,3.492087]	Chisco R/about,Eti Osa	4/15/18
[6.431696,3.424747]	Ikota opp. Zenith Bank,Eti Osa	4/19/18
[6.6321593,3.5353721]	Itamaga Rd by Ota-Ona Grammer,Ikorodu	4/23/18
[6.6321593,3.5353721]	Itamaga,Ikorodu	3/24/18
[6.6321593,3.5353721]	Kasoleri inward Itamaga,Ikorodu	4/16/18
[6.6304588,3.519452]	Ajegunle, Ikorodu Road,Ikorodu	4/28/18
[6.625461199999999,3.4839356]	Irawu busstop; Ikorodu,Ikorodu	4/29/18
[6.4471696,3.5178536]	Agungi under pedestrian bridge,Eti Osa	3/22/18
[6.437399,3.457824]	Lekki R/about Lekki Phase 1,Eti Osa	4/10/18
[6.462969999999999,3.5561]	Ikota First Gate,Eti Osa	4/14/18
[6.555018899999999,3.3962023]	Obalende inward Iyana - Oworo,Lagos Island	4/12/18
[6.434566999999999,3.492087]	Chisco Roundabout,Eti Osa	4/15/18
[6.451070400000001,3.5306402]	Chevron RIA ,Eti Osa	4/18/18
[6.4361901,3.406208]	Borny Camp,Lagos Island	4/15/18
[6.4361901,3.406208]	Borny Camp,Lagos Mainland	4/15/18
[6.479002599999999,3.3832579]	Ojingbo opp Mainland Hotel inward Iddo,Lagos Mainland	4/15/18
[6.4961142,3.4001874]	Adekunle inward 3rd Mainland Bridge,Lagos Mainland	4/13/18
[6.4384522,3.5088246]	Shoprite Mall,Eti Osa	4/11/18
[6.6137843,3.3580145]	Inside Shoprite Mall,Ikeja	4/11/18
[6.505999999999999,3.363849]	ALbanti barracks inward Ojuelegba,Surulere	4/13/18
[6.462360899999999,3.395043]	Osborne inward 3rd Mainland Bridge,Lagos Island	4/15/18
[6.4961142,3.4001874]	Adekunle ascending 3rd Mainland,Lagos Mainland	4/15/18
[6.4329553,3.4821678]	Ikate Roundabout of Freedom Way inward Embassy,Eti Osa	4/11/18
[6.4204878,2.8870999]	Front of Badagry Grammar School,Badagry	4/2/18
[6.5396036,3.2843757]	Cele Bus Stop,Agege	4/1/18
[6.6350513,3.3018154]	Ile-Epo B/stop by the side of the new bridge inward Abule-Egba,Shomolu	4/13/18
[6.5736623,3.3689103]	Adewale Aderibigbe off Ikorodu rd Maryland,Ikeja	4/13/18
[6.5736623,3.3689103]	Adewale Aderibigbe off Ikorodu Rd Maryland,Ikeja	4/13/18
[6.4264195,3.6274214]	Okun Ajah,Eti Osa	3/28/18
[6.4359204,3.4472259]	Admirality toll gate,Eti Osa	3/31/18
[6.4742278,3.8423713]	Ibeju close to Eleko junction,Ibeju Lekki	4/1/18
[6.4809017,3.766225]	Bogije b/s,Ibeju Lekki	4/4/18
[6.4809017,3.766225]	Bogije b/s,Ibeju Lekki	4/4/18
[6.4386578,3.8548356]	Ibeju close to Eleko,Ibeju Lekki	4/1/18
[6.4742278,3.8423713]	Ibeju close to Eleko junction,Ibeju Lekki	4/1/18
[6.4742278,3.8423713]	Ibeju close to Eleko junction,Ibeju Lekki	4/1/18
[6.4972384,3.3650049]	Ojuelegba Abati Barack inward Stadium,Surulere	4/9/18
[6.5569187,3.3595019]	Town Planning B/stop ,Ikeja	4/9/18
[6.579534199999999,3.3813509]	Ganifawemi Park Ojota,Kosofe	4/3/18
[6.6261427,3.3535281]	Agidigbin by Mega Chicken,Ikeja	4/2/18
[6.493300700000001,3.3226586]	Ijesha bus stop inward Oshodi,Surulere	4/13/18
[6.5648705,3.3468695]	Taskforce Office Oshodi,Oshodi Isolo	3/29/18
[6.6136117,3.3359599]	Opp. Guiness, Oba-Akran Road,Ikeja	3/29/18
[6.634811699999999,3.3453614]	Excellence Hotel inward Egba Ogunnusi,Ikeja	3/29/18
[6.6116552,3.295954]	Molashi Busstop inward Estrada,Alimosho	4/4/18
[6.512091,3.3284246]	Oshodi-Apapa Expressway Ambulance Point Landmark Itire,Oshodi Isolo	4/21/18
[6.4424442,3.4266846]	Akin Adesola VI,Lagos Island	4/24/18
[6.531492,3.3359385]	Ilaleko road by nam market inward Iyana Ido,Mushin	4/12/18
[6.6852621,3.2667899]	AMJE b/stop inward OTA,Ifako Ijaiye	4/12/18
[6.5741909,3.256588]	Odo eran along igando road inward Isen,Alimosho	4/12/18
[6.551067199999999,3.3401388]	Charity bus-stop inward Oshodi,Oshodi Isolo	4/9/18
[6.5359645,3.220395]	Ijegun Isheri Junction inward Ijegun,Alimosho	4/19/18
[6.599887,3.2995363]	Akowonjo Roundabout ,Alimosho	4/24/18
[6.471272,3.382845]	Iddo bus stop,Lagos Mainland	4/24/18
[6.4851769,3.3632507]	Iponri inward Stadium ,Surulere	4/2/18
[6.5508562,3.2400398]	LASU Igando road, Olorunjemi b/stop,Alimosho	4/2/18
[6.5736484,3.3062439]	Coker gate, orisunbare road Shasha,Oshodi Isolo	4/19/18
[6.5768818,3.2729038]	Powerline bus stop inward Igando,Alimosho	4/3/18
[6.5316323,3.3360842]	Bade b/s by NNPC Isolo rd outward Ikotun,Oshodi Isolo	4/26/18
[6.511670199999999,3.342303]	Lawanson road by cele b/s Iyana Itire,Surulere	4/10/18
[6.463470699999999,3.555718]	Jakande 1st gate inward Ajah,Eti Osa	4/17/18
[6.4359204,3.4472259]	1st toll gate inward Jakande Lekki,Eti Osa	4/21/18
[6.436712099999999,3.5080826]	Lekki Roundabout,Eti Osa	4/20/18
[6.449143599999999,3.5498178]	Lekki Epe Xpress Way Abraham Adesanya b/stop,Eti Osa	4/19/18
[6.451070400000001,3.5306402]	Chevron RTA,Eti Osa	4/21/18
[6.6085578,3.3094077]	Dopemu underbridge inw Oshodi,Alimosho	4/27/18
[6.4375018,3.4854591]	Itedo lane end of Admiralty Estate,Eti Osa	3/29/18
[6.4359204,3.4472259]	1st Toll Gate,Eti Osa	3/29/18
[6.4359204,3.4472259]	1st Toll Gate,Eti Osa	3/29/18
[6.506448,3.363545]	Ojuelegba, opp Abati Barracks ,Surulere	3/10/18
[6.476472999999999,3.369542]	National Art Theatre Inward Orile,Surulere	3/9/18
[6.5020291,3.377223]	Spencer bus stop,Lagos Mainland	3/3/18
[6.4441397,3.54211]	Ikota 2nd gate,Eti Osa	3/23/18
[6.463470699999999,3.555718]	Jakande roundabout under bridge,Eti Osa	3/10/18
[6.4519414,3.5549408]	Ikota b/stop inward Ajah,Eti Osa	3/10/18
[6.463470699999999,3.555718]	Ilasam inward Jakande,Eti Osa	3/13/18
[6.4498845,3.548681]	Civic Centre along Lekki by traffic light,Eti Osa	3/25/18
[6.4498845,3.548681]	Civic Centre along Lekki by traffic light,Eti Osa	3/25/18
[6.4378049,3.5166148]	Agungi b/stop,Eti Osa	3/13/18
[6.447506700000001,3.4670381]	Admiralty Lekki Express Orile PLaza,Eti Osa	3/25/18
[6.4329553,3.4821678]	Ikate b/s before bridge inward Lekki,Eti Osa	3/26/18
[6.435820199999999,3.4471546]	Lekki tollgate,Eti Osa	3/11/18
[6.625461199999999,3.4839356]	Majidun b/stop, Ikorodu,Ikorodu	3/2/18
[6.6376368,3.3558156]	Hotel b/stop Omole Ojodu Berger,Ikeja	3/11/18
[6.4622446,3.381494]	Apongbon inward Ojuelegba,Lagos Island	3/1/18
[6.4622446,3.381494]	Apongbon inward Ojuelegba,Lagos Island	3/1/18
[6.4913047,3.0284612]	Oko-Afo inward BDG,Badagry	3/30/18
[6.452433699999999,3.3903842]	Broad Str by Briscoe Busstop inward Apongbon,Lagos Island	3/4/18
[6.452433699999999,3.3903842]	Broad St BY,Lagos Island	3/4/18
[6.452433699999999,3.3903842]	Broad Street By,Lagos Island	3/4/18
[6.452433699999999,3.3903842]	Broad Str by Briscoe Bus-stop inward Apongbon,Lagos Island	5/4/18
[6.5151087,3.3886033]	3rd Mainland Bridge inward Iyana-Owo by Unilag Waterfront,Lagos Mainland	3/3/18
[6.601587599999999,3.4040424]	Owode Elede,Kosofe	3/4/18
[6.6055663,3.400014]	Mile 12 underbridge inward Ikorodu,Kosofe	3/8/18
[6.5893763,3.343083]	Surgical Emergency Lasuth,Ikeja	3/3/18
[6.614609,3.4733222]	Ogolonto by BRT lane inward Ikorodu,Ikorodu	3/4/18
[6.597497,3.386115]	Ketu b/stop by Lamata,Kosofe	3/4/18
[6.555018899999999,3.3962023]	Iyana Oworo inward Bariga on top of the  bridge berger,Shomolu	3/2/18
[6.588236299999999,3.3978098]	Ogudu inward Alapere,Kosofe	3/1/18
[6.5864894,3.9514578]	T junction,Epe	12/21/17
[6.551235900000001,3.3917632]	Gbagada express inward Oshodi under the Pedestrian Bridge,Shomolu	2/19/18
[6.5504536,3.3932235]	Trem b/s, Gbagada inward Oshodi,Shomolu	2/19/18
[6.5648705,3.3468695]	Taskforce Office, Oshodi,Oshodi Isolo	2/21/18
[6.545005,3.3800673]	Pedro rd inward Ladilak,Shomolu	2/2/18
[6.5705503,3.3536195]	Adekunle Fajuyi way P.W.S. by Railway Line,Ikeja	2/21/18
[6.6079455,3.3945695]	Mile 12 Diamond Bank,Kosofe	2/21/18
[6.612437000000001,3.441499]	Itowolo,Ikorodu	2/25/18
[6.6055663,3.400014]	Toyota Underbridge inward Mile 12,Kosofe	2/15/18
[6.4972384,3.3650049]	Stadium Underbridge,Surulere	2/12/18
[6.5151087,3.3886033]	Unilag waterfront from Iyana-Oworo into Lagos,Lagos Mainland	3/1/18
[6.4595389,3.3826433]	Apongbon Bridge,Lagos Island	2/26/18
[6.5773987,3.4015814]	Ogudu Ori-oke,Kosofe	2/28/18
[6.5193721,3.3696199]	Fadeyi b/stop inward Jibowu,Shomolu	2/23/18
[6.456275,3.2562178]	Abule Ado opposite Oando Filling Station ,Amuwo Odofin	2/18/18
[6.5923185,3.2909325]	Orelope Inward Egbeda,Alimosho	2/18/18
[6.620867199999999,3.3216856]	Olusanya Street, off Oniwaya ,Agege	2/19/18
[6.505908000000001,3.3236003]	Cele Express, Cele bus stop inward Ojota,Surulere	2/20/18
[6.6249472,3.3032145]	Arigbanla b/stop close to NYSC Camp Iyana Ipaja,Agege	2/24/18
[6.5564567,3.2800838]	Liasu road inward Canal outward Ile-Ife,Alimosho	2/24/18
[6.5409839,3.3674149]	Palmgrove b/stop,Shomolu	2/20/18
[6.543013999999999,3.393568]	Muritala Bus-stop, Jagunmolu st. Bariga,Shomolu	2/21/18
[6.5643389,3.3472453]	Bolade Safety Arena ,Oshodi Isolo	2/23/18
[6.5829306,3.3403158]	PWD b/stop inward,Ikeja	2/24/18
[6.5829306,3.3403158]	PWD b/stop inward,Ikeja	2/24/18
[6.5409839,3.3674149]	Palmgrove b/stop inward Fadeyi,Shomolu	2/7/18
[6.6055663,3.400014]	Irawo under bridge inward mile 12,Kosofe	2/6/18
[6.5059306,3.3778238]	Sabo road by Sawmill,Lagos Mainland	2/5/18
[6.4599636,3.303827]	Mazamaza inward Mile 2,Amuwo Odofin	2/6/18
[6.6116684,3.2892599]	Mosan Okunola inward Estate Ipaja BH Abesan,Alimosho	2/8/18
[6.5353107,3.3570449]	Sokunbi Street,Mushin	2/23/18
[6.6194131,3.5104537]	Inward Adamo ,Ikorodu	2/18/18
[6.610871599999999,3.411482]	Owode Onirin by Gedco College Inward,Ikorodu	2/16/18
[6.531492,3.3359385]	Ilasa bus stop inward Mile 2,Oshodi Isolo	2/17/18
[6.595771699999999,3.3849817]	Tipper garage inward Ketu,Kosofe	2/19/18
[6.5960309,3.3854333]	Ketu Tipper garage,Kosofe	2/19/18
[6.463470699999999,3.555718]	Elf b/stop inward Jakande,Eti Osa	2/13/18
[6.545401999999999,3.398535]	Iyana-Oworo Bus Stop,Shomolu	2/20/18
[6.5864894,3.9514578]	T Junction ,Epe	12/2/17
[6.595771699999999,3.3849817]	Tipper garage inward Ketu,Kosofe	2/19/18
[6.595771699999999,3.3849817]	Tipper Garage inward Ketu,Kosofe	2/19/18
[6.5960309,3.3854333]	Ketu Tipper Garage,Kosofe	2/19/18
[6.6407481,3.3433403]	Modupe eoundabout by Ajayi Road opp Excellent Hotel Igba,Ikeja	2/14/18
[6.586806699999999,3.3538694]	Otedola,Ikeja	2/21/18
[6.5814948,3.3763375]	New Garage jota inward Maryland,Kosofe	2/19/18
[6.6156866,3.5043409]	Ladega inward Itupate,Ikorodu	2/14/18
[6.5960309,3.3854333]	Ketu Tipper Garage,Kosofe	2/19/18
[6.5964432,3.3477542]	Motorway,Ikeja	2/19/18
[6.579534199999999,3.3813509]	Ojota inward 7up by Ojota b/stop,Kosofe	2/19/18
[6.5814948,3.3763375]	New Garage inward Ojota,Kosofe	2/13/18
[6.5785106,3.387836]	Ogudu Gbagada,Shomolu	2/12/18
[6.5785106,3.387836]	Ogudu inward Gbagada,Shomolu	2/12/18
[6.5785106,3.387836]	Ogudu inward Gbagada,Shomolu	2/12/18
[6.623709,3.358055]	Neca House,Ikeja	2/24/18
[6.6195112,3.4629867]	Majidun B/stop inward,Ikorodu	2/24/18
[6.6195112,3.4629867]	Majidun nB/stop inward,Ikorodu	2/24/18
[6.5462974,3.5433081]	Federal road, Bayeku,Ikorodu	2/24/18
[6.6559405,3.3228579]	Fagba opposite Providence Sch,Agege	2/24/18
[6.462391999999999,3.315932]	Mile 2 Underbridge,Amuwo Odofin	2/17/18
[6.59408,3.33625]	Ikeja Along inward RCC 21K,Ikeja	2/24/18
[6.59408,3.33625]	Ikeja Along inward RCC 21K,Ikeja	2/24/18
[6.59408,3.33625]	Ikeja Along inward RCC 21K,Ikeja	2/24/18
[6.6143166,3.5600529]	Eleshin busstop - Ijede,Ikorodu	2/18/18
[6.6432921,3.2884309]	Ekoro Bus-Stop inward Abule Egba,Alimosho	2/24/18
[6.5825751,3.3836573]	Ojota Before the bridge inward Ketu,Kosofe	2/15/18
[6.58859,3.287262]	Military Zone Bus-Stop along Idmu Ajbeda,Alimosho	2/21/18
[6.5449037,3.372159]	Pedro Road by Pedro Police Station ,Shomolu	2/24/18
[6.549563999999999,3.4017556]	New Garage inward Oworo,Shomolu	2/25/18
[6.588236299999999,3.3978098]	Ogudu Ifako inward Alapere,Ifako Ijaiye	2/21/18
[6.597497,3.386115]	Ketu inward Ojota,Kosofe	2/21/18
[6.5960309,3.3854333]	Tipper Ketu,Kosofe	2/21/18
[6.5608875,3.3924908]	Carwash Oworo,Shomolu	2/22/18
[6.555018899999999,3.3962023]	Iyana-Oworo Bus Stop,Kosofe	2/22/18
[6.555018899999999,3.3962023]	3Iyana-Oworo Bustop,Kosofe	2/22/18
[6.4786636,3.5700715]	Ado road inward Ajah,Eti Osa	2/20/18
[6.5719793,3.367272]	Maryland Bus-Stop in front of Shopping Mall,Ikeja	2/10/18
[6.6053337,3.2792438]	Dopemu b/s inward Iyana Ipaja,Agege	2/10/18
[6.649243999999999,3.2710745]	Ijaiye - Meiran B/S inward Toll Gate,Ifako Ijaiye	2/9/18
[6.478639599999999,3.3336703]	Coker Express Orile,Surulere	2/1/18
[6.533214,3.2598646]	Ijegun road inward Ikotun,Alimosho	2/9/18
[6.505984499999999,3.3776874]	Sabo Roundabout,Lagos Mainland	2/24/18
[6.6195112,3.4629867]	Majidun Bridge,Ikorodu	2/23/18
[6.6150598,3.4765747]	Majidun, inward Ikd,Ikorodu	2/24/18
[6.612437000000001,3.441499]	Itowolo,Ikorodu	2/25/18
[6.602335,3.33217]	Ikeja along Ile Zik,Ikeja	2/24/18
[6.6602118,3.2918859]	Ahmadiyya B/Stop,Ifako Ijaiye	2/24/18
[6.4961142,3.4001874]	3rd Mainland Bridge,Lagos Mainland	2/15/18
[6.537993999999999,3.3370113]	Toyota bus-stop by 5 star,Oshodi Isolo	2/9/18
[6.465894,3.561445]	Ilaje b/stop,Eti Osa	2/3/18
[6.462391999999999,3.315932]	Mile 2 B/S inward Mile 2,Amuwo Odofin	2/2/18
[6.4601655,3.1980776]	Sunny Bus-Stop Ojo,Ojo	2/24/18
[6.623315499999999,3.3645663]	Lagos Ibadan Expressway by Mobil Filling Station,Ikeja	2/26/18
[6.571975999999999,3.3970521]	Ojudu by Pako bus/stop,Kosofe	2/25/18
[6.59725,3.34094]	Ikeja Underbridge inward ALausa,Ikeja	2/20/18
[6.5028011,3.3311114]	Ijesha b/stop under the bridge,Surulere	2/20/18
[6.5743714,3.2822858]	RTA Opposite Community Primary School, Idimu,Alimosho	2/20/18
[6.646551,3.370542]	River Valley Estate,Ikeja	2/28/18
[6.588236299999999,3.3978098]	Ogudu Estate inward Tollgate btw Ogudu & Alapere,Ikeja	2/28/18
[6.536682099999999,3.224251]	Obadore Bridge inward ,Alimosho	2/25/18
[6.65764,3.3244683]	Fagba b/s inwrad Agege,Agege	2/25/18
[6.607710099999999,3.327806]	Mangoro inward Oshodi,Agege	2/17/18
[6.6261427,3.3535281]	Latesf Agidinbi inward Alausa beside Mega Chicken,Ikeja	2/22/18
[6.6207557,3.3295155]	Cement b/s by Ascon Filling Station,Agege	2/22/18
[6.5485326,3.3795882]	Gbagada Inward Oshodi by Charley Boy b/stop,Shomolu	2/22/18
[6.5485326,3.3795882]	Gbagada inward Oshodi by Charley Boy b/stop,Shomolu	2/22/18
[6.5485326,3.3795882]	Gbagada inward Oshodi by Charley Boy b/stop,Shomolu	2/22/18
[6.6174062,3.2753282]	Aboru Afolasi Road,Alimosho	2/22/18
[6.6174062,3.2753282]	Afolasi Road Aboru,Alimosho	2/22/18
[6.5818185,3.3211348]	Ikeja railway inward airport by National b/s,Ikeja	2/27/18
[6.5876687,3.3785258]	Maryland Bus-Stop inward Ojota,Ikeja	2/26/18
[6.4972384,3.3650049]	Stadium,Surulere	2/21/18
[40.75091219999999,-73.977026]	NYC bus stop Igundo,Alimosho	2/18/18
[6.6195112,3.4629867]	Majidu Asolo inward Ikorodu,Ikorodu	2/23/18
[6.583845699999999,3.3584446]	Bank Anthony way, Onigbongbo,Ikeja	2/27/18
[6.636980100000001,3.5420243]	Harun b/s beside BRT Lane,Ikorodu	2/8/18
[6.6003032,3.4936157]	Oba Adeyemi Str Igbogbo,Ikorodu	2/7/18
[6.6195112,3.4629867]	Majidun by MMPC Filling Station,Ikorodu	2/10/18
[6.614609,3.4733222]	Ogolonto Inward Ikorodu,Ikorodu	2/5/18
[6.614609,3.4733222]	Ogolonto Roundabout inward Agric,Ikorodu	2/11/18
[6.4961142,3.4001874]	3rd mainland Bridge,Lagos Mainland	2/13/18
[6.493526,3.3806705]	Evan;s Square along Yaba Road Malaolao/MacCuluce,Lagos Mainland	2/13/18
[6.4501092,3.4548965]	Ikoyi Bridge Inward Ikoyi,Eti Osa	2/13/18
[6.5903429,3.3422758]	LASUTH 2nd Gate,Ikeja	2/27/18
[6.6321593,3.5353721]	Adio junction outward Itamaga,Ikorodu	2/23/18
[6.4961142,3.4001874]	Iyana Oworo on 3rd Mainland Bridge inward Toll Gate,Lagos Mainland	1/1/18
[6.639772199999999,3.367996]	Berger bus-stop inward Lagos,Ikeja	1/1/18
[6.6178643,3.4000616]	Shagasha inward Magodo,Kosofe	12/31/17
[6.4961142,3.4001874]	3rd Mainland Bridge Iyana Orowo inward Toll Gate,Lagos Mainland	1/1/18
[6.4961142,3.4001874]	3rd Mainland Bridge Iyana Orowo inward Toll Gate,Lagos Mainland	1/1/18
[6.501810799999999,3.4020952]	3rd Mainland Bridge Iyana Orowo by Adeniji,Lagos Island	1/1/18
[6.555018899999999,3.3962023]	Iyana Oworo by Fly Over,Kosofe	1/1/18
[6.6071622,3.3491869]	Allen Roundabout,Ikeja	12/30/17
[6.647519,3.7494143]	Shala Road,Epe	1/5/18
[6.625461199999999,3.4839356]	Agric bus stop inward Ikorodu,Ikorodu	1/11/18
[6.6413622,3.5470082]	Lucky Fibre by MRS F/Station,Ikorodu	1/11/18
[6.6321593,3.5353721]	Itamaga inward Itogun Road,Ikorodu	1/14/18
[6.6194972,3.4744293]	Majidun Ogolonto inward Ikorodu,Ikorodu	1/14/18
[6.593227199999999,3.2876331]	Carwash b/stop along Idimu road infront of FEMB,Alimosho	1/6/18
[6.5224636,3.3350587]	Ilasa b/stop inward Mile 2,Oshodi Isolo	1/6/18
[6.579534199999999,3.3813509]	Ojota Bridge,Kosofe	1/5/18
[6.6000419,3.3787626]	Motorways by Zenith Bank,Ikeja	1/5/18
[6.6350513,3.3018154]	Ile-Epo Alhajti inward Idimu,Alimosho	1/3/18
[6.621069100000001,3.3609354]	Abiola Garden inward Timisu Junction,Ikeja	12/31/17
[6.428541099999999,3.498931]	Elegushi road,Eti Osa	1/3/18
[6.4712212,3.7782214]	Oribanwa before Elemoro,Ibeju Lekki	1/10/18
[6.4961142,3.4001874]	3rd Mainland Bridge,Lagos Mainland	1/27/18
[6.4813367,3.8457272]	Before Eleranigbe Jua,Epe	1/8/18
[6.6042524,3.99728]	Bacle Busstop Iraye-Oke,Epe	1/9/18
[6.4793938,3.3494206]	Orile Bustop by Doyin,Surulere	1/15/18
[6.639137499999999,3.3595319]	Ogunnusi road by Ojodu Berger,Ikeja	1/17/18
[6.4496778,3.52605]	New Rd b4 Chevron,Eti Osa	1/5/18
[6.4887958,3.3508987]	Bode Thomas by Barracks B/Stop intersection B/W Alaka and Adeniran Ogunsanya,Surulere	1/17/18
[6.625461199999999,3.4839356]	Agric busstop ,Ikorodu	1/3/18
[6.625461199999999,3.4839356]	Fola Hamed opp Mtel Office Oja Agric,Ikorodu	1/7/18
[6.601587599999999,3.4040424]	Owode-Elede inward Mile-12,Kosofe	1/2/18
[6.4469574,3.4604701]	Link bridge Coming from Civic Centre,Eti Osa	1/11/18
[6.458706200000001,3.3656843]	Under Marine Bridge Outward Ajegunle Apapa,Apapa	1/11/18
[6.439996799999999,3.4323141]	100 4 inward Ozumba Nbadikiwe,Eti Osa	1/11/18
[6.476472999999999,3.369542]	Costain b/stop inward National Theatre,Surulere	1/8/18
[6.4800764,3.3832669]	Otto bustop by Oyingbo,Lagos Mainland	1/24/18
[6.649243999999999,3.2710745]	Btw Ijaiye and Meiran inward Abule-Egba,Ifako Ijaiye	1/18/18
[6.5301863,3.3088796]	Oke Apa by Jakande Gate,Oshodi Isolo	1/18/18
[6.625461199999999,3.4839356]	Agric b/stop, Isamo Road,Ikorodu	1/22/18
[6.5096367,3.3464814]	Anjorin Street, Lawason,Surulere	12/21/17
[6.463219199999999,3.3941065]	3rd Mainland Bridge,Lagos Island	1/10/18
[6.602335,3.33217]	Ile Zik b/stop inward Oshodi,Ikeja	1/18/18
[6.4851769,3.3632507]	Iponri,Surulere	1/24/18
[6.4441397,3.54211]	Ikota 2nd gate,Eti Osa	1/11/18
[6.588236299999999,3.3978098]	Alapere b/stop opp Corood inward 3rd Mainland Bridge,Kosofe	1/2/18
[6.6181477,3.3614075]	Awolowo Way inward Alausa b4 Rade Market,Ikeja	1/6/18
[6.431765299999999,3.4749734]	Lekki Phase C Bustop,Eti Osa	1/3/18
[6.6040592,3.5032996]	Elepe b/stop Ijede Rd,Ikorodu	1/10/18
[6.6040592,3.5032996]	Elepe b/stop inward Ijede,Ikorodu	1/8/18
[6.636980100000001,3.5420243]	Majidu by BRT Lane,Ikorodu	1/15/18
[6.5810302,3.5257624]	Mobil Filling Station, Ebule Rd,Ikorodu	1/13/18
[6.4471696,3.5178536]	Apapa inward Agungi ,Eti Osa	1/14/18
[6.434566999999999,3.492087]	Chisco,Eti Osa	1/7/18
[6.6071622,3.3491869]	Medical Road Junction,Ikeja	1/1/18
[6.5409839,3.3674149]	Palmgrove inward Inwama,Shomolu	1/12/18
[6.662885999999999,3.5211114]	Flower bus/stop Odonguyan,Ikorodu	1/12/18
[6.608315300000001,3.272845100000001]	Abesan Estate Keda b/stop,Alimosho	1/16/18
[6.465894,3.561445]	Ajah b/stop ,Eti Osa	1/12/18
[6.5224636,3.3350587]	Itire B/Stop outward Oshodi inward Ilasa,Surulere	1/16/18
[6.6053337,3.2792438]	Dopemu underbridge inward Iyana-Ipaja,Agege	1/18/18
[6.65576,3.294877]	Abule Taylor inward Abule Egba,Ifako Ijaiye	1/17/18
[6.454019499999999,3.4329675]	Glover Rd Ikoyi,Eti Osa	1/15/18
[6.601587599999999,3.4040424]	Owode Elede inward Mile 12,Kosofe	1/18/18
[6.519500700000001,3.369958]	Jibowu Estate,Lagos Mainland	1/16/18
[6.6523952,3.323324]	Iju-Ishaga Road, Church B/Stop Sterling Bank,Ifako Ijaiye	1/13/18
[6.5409839,3.3674149]	Palmgrove inward ,Shomolu	1/12/18
[6.59408,3.33625]	Ikeja along inward Oshodi,Ikeja	1/12/18
[6.59408,3.33625]	Ikeja along inward Oshodi,Ikeja	1/12/18
[6.4596758,3.2860923]	Agboju B/S Inward Alakije,Amuwo Odofin	1/12/18
[6.434566999999999,3.492087]	Chisco Bustopp,Eti Osa	1/21/18
[6.434566999999999,3.492087]	Chisco Bustop,Eti Osa	1/21/18
[6.434515999999999,3.493899]	Ilasan b/4 World Oil inward Ajah,Oshodi Isolo	1/22/18
[6.6052795,3.278803]	Alakako inward Iyana Ipaja,Alimosho	1/11/18
[6.463470699999999,3.555718]	Jakande R/Abt,Eti Osa	1/2/18
[6.5224636,3.3350587]	Matomal bus stop inward Oshodi,Mushin	1/8/18
[6.6186228,3.4678922]	Anthony along ikorodu road inward ,Oshodi Isolo	1/9/18
[6.65764,3.3244683]	Fagba inward Idu Road,Ifako Ijaiye	1/15/18
[6.6052795,3.278803]	Iyana Ipaja underbridge inward Oshodi,Alimosho	1/16/18
[6.505908000000001,3.3236003]	Cele b/stop inward Mile 2,Oshodi Isolo	1/12/18
[6.5946237,3.3357856]	Ikeja along by the railway,Ikeja	1/16/18
[6.474698000000001,3.3640094]	Iganmu Bridge ,Surulere	1/17/18
[6.474698000000001,3.3640094]	Iganmu Bridge,Surulere	1/17/18
[6.455305999999999,3.555178]	Ikota 2nd Gate inward VGC,Eti Osa	1/16/18
[6.4961142,3.4001874]	3rd Mainland Bridge,Lagos Mainland	1/18/18
[6.4359204,3.4472259]	1st Tollgate,Eti Osa	1/21/18
[6.6053337,3.2792438]	Able Express Way inward Iyana Ipaja by Leola b/stop,Alimosho	1/16/18
[6.434566999999999,3.492087]	Chisco Bustop ,Eti Osa	1/21/18
[6.59408,3.33625]	Ikeja along inward Oshodi,Ikeja	1/9/18
[6.625461199999999,3.4839356]	Agric b/stop,Ikorodu	1/17/18
[6.4389083,3.4250844]	Law School b/stop,Eti Osa	1/1/18
[6.6195129,3.462825]	Idera b/stop behind BRT Terminal inward Ikd,Ikorodu	1/10/18
[6.6294287,3.3261754]	Pen Cinema inward Oshodi,Ikeja	1/16/18
[6.4830257,3.3691311]	Costain,Lagos Mainland	1/12/18
[6.4961142,3.4001874]	3rd Mainland Bridge outward Obalende,Lagos Mainland	1/2/18
[6.6827149,3.3187418]	Ifako Ijaiye Roundabout,Ifako Ijaiye	1/11/18
[6.546922899999999,3.2987097]	Oshodi Oke close to Terminal 2 ,Oshodi Isolo	1/28/18
[6.531492,3.3359385]	Oshodi underbridge close to terminal 2,Oshodi Isolo	1/28/18
[6.6052795,3.278803]	Iyano Dopemu inward Iyana paja,Alimosho	1/29/18
[6.552613999999999,3.242599]	Isheri b/stop Lasu-Igando road,Alimosho	1/28/18
[6.588236299999999,3.3978098]	Alapere Estate by MRS Filling Station,Kosofe	1/19/18
[6.5803151,3.358832]	Isaac John, GRA,Ikeja	1/24/18
[6.5485326,3.3795882]	Gbagada inward Oshodi by Charlie boy,Kosofe	2/25/18
[6.5409839,3.3674149]	Outward Palmgrove inward Abanikoro,Shomolu	1/25/18
[6.549335000000001,3.388231]	Gbagada B/Stop,Shomolu	1/25/18
[6.548821,3.388359]	Gbagada Bus/Stop,Shomolu	1/25/18
[6.549335000000001,3.388231]	Gbagada B/stop,Shomolu	1/25/18
[6.549335000000001,3.388231]	Gbagada B/Stop,Shomolu	1/25/18
[6.6053337,3.2792438]	Iyana Dopemu underbridge out Iyana Ipaja,Ikeja	1/19/18
[6.6085578,3.3094077]	Iyana Dopemu under bridge out Iyana Ipaja,Ikeja	1/19/18
[6.6143458,3.3280127]	Moshalashi B/Stop, Agege motor Road,Agege	1/19/18
[6.435820199999999,3.4471546]	Toll Gate by Abiola Garden,Kosofe	1/26/18
[6.59725,3.34094]	Ikeja Underbridge by TCO Bank,Ikeja	1/23/18
[6.646551,3.370542]	River Valley Estate New Garage Berg ,Ikeja	1/12/18
[6.6085578,3.3094077]	Dopemu Under Bridge in Iyana Ipaja,Agege	1/28/18
[6.4231903,4.077922]	Sandfield,Ibeju Lekki	1/29/18
[6.6053337,3.2792438]	Ikeja along inward Iyana Ipaja,Ikeja	1/20/18
[6.661554499999999,3.323155]	Lonlo b/s Fagba,Ifako Ijaiye	1/24/18
[6.666402,3.2488177]	Eloro Rd inward Ajasa Common Rd,Alimosho	1/20/18
[6.549693899999999,3.2699541]	Opposite Car PAck Ikotun LGA,Alimosho	1/21/18
[6.611858499999999,3.3742565]	Ikosi Rd by CAC Church ,Kosofe	1/24/18
[6.4231903,4.077922]	Sandfield,Ibeju Lekki	1/29/18
[6.6382514,3.8645533]	GSM b/stop along Itoikin road,Epe	1/29/18
[6.4231903,4.077922]	Sandfield,Ibeju Lekki	1/29/18
[6.555018899999999,3.3962023]	Adeniji inward Iyana-Oworo,Eti Osa	1/3/18
[6.4517646,3.4135565]	Ikoyi road by Ikoyi Ajah,Ikeja	1/28/18
[6.59408,3.33625]	Ikeja along inward Ojota,Surulere	1/3/18
[6.4659217,3.3640333]	Apapa Rd, Rainbow inward Festac,Amuwo Odofin	1/30/18
[6.4596758,3.2860923]	Agboju B/S inward Alakija,Amuwo Odofin	1/30/18
[6.6169196,3.3645929]	Opposite Secretariat Alausa inward Sharonle,Ikeja	1/30/18
[6.6123636,3.3672753]	Honey well,Ikeja	1/31/18
[6.5944389,3.3983859]	Abiola Gardens inward Alapere,Kosofe	1/27/18
[6.618519999999999,3.50313]	Ojubode b/stop infront of SS,Ikorodu	1/29/18
[6.4951015,3.3811553]	Adekunle Police Station,Lagos Mainland	1/27/18
[6.555018899999999,3.3962023]	Adeniji inawrd Iyana-Oworo,Lagos Island	1/31/18
[6.458706200000001,3.3656843]	Ijora inward Marine Bridge,Lagos Island	1/27/18
[6.4515869,3.408224]	Obalende Bus Stop,Lagos Island	1/26/18
[6.4961142,3.4001874]	3rd Mainland Bridge,Lagos Mainland	1/24/18
[6.5961249,3.3510551]	Toyin Street Orile Iganmu,Apapa	1/27/18
[6.5099974,3.3650011]	Ojuelegba bridge inward Fadeyi,Surulere	1/27/18
[6.553462000000001,3.3671225]	Ikorodu Rd Obanikoro inward Palmgrove,Mushin	1/3/18
[6.616021,3.3660886]	Lagos Ibadan exp. Mobil Filling Station inward Berger,Ikeja	1/31/18
[6.5028011,3.3311114]	Ijesa inward Oshodi,Surulere	1/31/18
[6.6294287,3.3261754]	Pen Cinema Market going towards Ogba,Agege	1/31/18
[6.5498463,3.238678600000001]	Grosevy Plaza Lasu-Isueri Road,Alimosho	1/31/18
[6.456275,3.2562178]	Abule Ado inward Mile 2,Amuwo Odofin	1/29/18
[6.5999273,3.3832098]	Ikosi Rd by Local govt. office,Kosofe	1/27/18
[6.5917075,3.3836959]	Mko Abiola Garden inward Tollgatw,Kosofe	1/27/18
[6.605147,3.276012]	Federal Junction inward Ipaja,Alimosho	1/30/18
[6.623741799999999,3.3301587]	By Agege Stadium,Agege	1/29/18
[6.531492,3.3359385]	Charity busstop inward Airport,Oshodi Isolo	1/30/18
[6.4806816,3.143025]	Ayetiro bus stop along Yanilain, before Iyana Era bus stop,Ojo	12/16/17
[6.6153083,3.4445163]	BRT Lane Ogolonto inward Ikorodu,Ikorodu	12/19/17
[6.6350513,3.3018154]	Adamson Ile Epo busstop inward Lasu Igumoto,Alimosho	12/1/17
[6.505908000000001,3.3236003]	Ballet B/Stop inward Cele,Oshodi Isolo	12/1/17
[6.6588972,3.3018169]	Agbe Road, Abule Egba,Ifako Ijaiye	12/2/17
[6.549804,3.333744]	P2 Road Inward Oshodi Underbridge,Oshodi Isolo	12/6/17
[6.5383403,3.3459573]	Ladipo b/stop inward Oshodi,Oshodi Isolo	12/16/17
[6.65764,3.3244683]	Fagba Junction inward Ishaga,Ifako Ijaiye	12/12/17
[6.606655,3.3487219]	Allen Junction close to Alade Market,Ikeja	12/6/17
[6.5485326,3.3795882]	Charley Boy inward Oshodi,Shomolu	12/12/17
[6.464684099999999,3.2377972]	Agric b/stop outward trade fair,Ojo	12/9/17
[6.502554399999999,3.3228477]	Oshodi Expressway close to Charity b/s,Oshodi Isolo	12/16/17
[6.4972384,3.3650049]	Stadium Underbridge inward Island,Surulere	12/3/17
[6.5517971,3.2765648]	Ikotun college bus stop Onilewura,Alimosho	12/16/17
[6.463470699999999,3.555718]	New Road b/stop inward Jakande,Eti Osa	12/2/17
[6.5697088,3.3317046]	Beesam, MM2,Ikeja	12/17/17
[6.584708,3.2835924]	In front of Yem Kem Plaza, Abule Odu Inward,Alimosho	12/13/17
[6.571651,3.3452731]	Agege Motor Rd by Capitol Coming from Abule Egba,Agege	12/8/17
[6.5063837,3.3675767]	Tejuosho Market Yaba,Lagos Mainland	12/4/17
[6.579534199999999,3.3813509]	UAC Ojota inward Oregun,Ikeja	12/9/17
[6.614609,3.4733222]	Ogolonto, Ikorodu,Ikorodu	12/18/17
[6.589321099999999,3.3774339]	Ojota Tipper Garage,Kosofe	12/3/17
[6.463470699999999,3.555718]	Jakande R/A ,Eti Osa	12/15/17
[6.6052795,3.278803]	Iyana Ipaja inward Alagunta,Alimosho	12/17/17
[6.6053337,3.2792438]	Pako Bstop coming from Ikeja inward Iyana Ipaja,Agege	12/17/17
[6.5399995,3.3595799]	Along Ilupeju Rd opp Fam Planning outward Oshodi,Mushin	12/16/17
[6.6003032,3.4936157]	Oriwu Model College ,Ikorodu	12/26/17
[6.622509099999999,3.3508565]	Agidingbi Cadbury Road ,Ikeja	12/10/17
[6.601587599999999,3.4040424]	Owode - Elede ,Ikorodu	12/15/17
[6.610871599999999,3.411482]	Owode Onirin,Kosofe	12/3/17
[6.625461199999999,3.4839356]	Agric b/stop inward Ikd,Ikorodu	12/2/17
[6.6055663,3.400014]	Mile 12 under bridge inward Ikorodu,Kosofe	12/2/17
[6.614609,3.4733222]	Ogolonto b/stop,Ikorodu	12/6/17
[6.625461199999999,3.4839356]	Ikorodu Rd by Asolo B/stop,Ikorodu	12/5/17
[6.6195112,3.4629867]	Majidun Bridge inward Ajegunle,Ikorodu	12/3/17
[6.610871599999999,3.411482]	Owode inwrd Ikorodu,Kosofe	12/22/17
[6.6537646,3.2979745]	U-turn b/stop outward Abule Egba,Ifako Ijaiye	12/12/17
[6.4830257,3.3691311]	Costain by the Roundabout,Surulere	12/31/17
[6.642932,3.3233843]	Lonto B/stop, Iju-Ishaya,Ifako Ijaiye	12/30/17
[6.547525299999999,3.2325278]	Akesan Fumetun inward Iba ,Alimosho	12/30/17
[6.6047959,3.3371491]	Adeniyi Jones Junction Ikeja close to First Lane,Ikeja	12/30/17
[6.625461199999999,3.4839356]	Agric b/stop,Ikorodu	12/3/17
[6.588236299999999,3.3978098]	Alapere Ketu inward Ikorodu,Kosofe	12/1/17
[6.647247800000001,3.515227]	Laspotech, Ikorodu,Ikorodu	12/17/17
[6.6053337,3.2792438]	Ikeja Along inward Iyana-Ipaja,Ikeja	12/15/17
[6.6181358,3.2991171]	Iyana-Ipaja Underbridge inward Agege,Agege	12/16/17
[6.649243999999999,3.2710745]	Meiran b/stop inward Abule Egba,Alimosho	12/12/17
[6.6412197,3.3305839]	College road inward Fagba by Oyemaku b/stop,Ifako Ijaiye	12/12/17
[6.5194912,3.3669756]	Ransome Kuti, Jibowu,Mushin	12/8/17
[6.447073700000001,3.5438727]	Oluwanisola Eleganza,Eti Osa	12/3/17
[6.4329553,3.4821678]	Ikate inward Ajah,Eti Osa	12/2/17
[6.462900599999999,3.418825]	Osborne Rd, descending from Mainland,Lagos Island	12/2/17
[6.466666,3.566667]	Osapa London inward Chevron,Eti Osa	12/1/17
[6.431031,3.46988]	2nd Roundabout Lekki,Eti Osa	12/2/17
[6.607710099999999,3.327806]	Mangoro inward Dopemu,Agege	12/19/17
[6.617241399999999,3.3200368]	Corner road Sabo by WABC bus stop yabe opp Yabatech,Lagos Mainland	12/19/17
[6.673869499999999,3.2895046]	Nicholas b/stop Kola rd,Ifako Ijaiye	12/30/17
[6.4981332,3.323775]	Between Cele and Odo-Olowu inward Mile 2,Oshodi Isolo	12/4/17
[6.549563999999999,3.4017556]	Oworo b/s coming from Oshodi,Shomolu	12/5/17
[6.4515869,3.408224]	Obalende Bustop inward Island,Lagos Island	12/3/17
[6.621014799999999,3.2997262]	Lagos Abeokuta Xpressway after Iyana Ipaja Bridge,Agege	12/2/17
[6.625461199999999,3.4839356]	Agric bus-stop by BRT Terminis,Ikorodu	12/23/17
[6.434566999999999,3.492087]	Chisco b/stop, Lekki,Eti Osa	12/16/17
[6.434566999999999,3.492087]	Chisco b/stop, Lekki,Eti Osa	12/16/17
[6.431690199999999,3.4532892]	Jakande Intervention,Eti Osa	12/16/17
[6.434566999999999,3.492087]	Chisco b/stop, Lekki,Eti Osa	12/16/17
[6.4595389,3.3826433]	Apongbon bridge inward Costain,Lagos Island	12/14/17
[6.452116,3.554587]	Ikota 1st gate,Eti Osa	12/12/17
[6.431690199999999,3.4532892]	Jakande Circle more,Eti Osa	12/10/17
[6.465894,3.561445]	Ilaje Bustop,Eti Osa	12/12/17
[6.4333139,3.4912377]	Along Ajah 2nd gate by Oando Station,Eti Osa	12/14/17
[6.4329553,3.4821678]	Ikate roundabout,Eti Osa	12/13/17
[6.4329553,3.4821678]	Ikate roundabout,Eti Osa	12/11/17
[6.6169196,3.3645929]	Secretariat b/stop inward Berger,Ikeja	12/24/17
[6.450355500000001,3.4105171]	3rd Mainland Bridge Obalende Junction,Lagos Island	12/17/17
[6.5388436,3.356198]	Vono bstop by Slabeju Str,Mushin	12/20/17
[6.435820199999999,3.4471546]	Lekki Toll Gate,Eti Osa	12/16/17
[6.4301409,3.5246271]	New Road b/4 Igbo Tefon,Eti Osa	12/7/17
[6.438039,3.516639]	Agungi Bustop,Eti Osa	12/9/17
[6.444569,3.540041]	2nd Toll Gate,Eti Osa	12/9/17
[6.602335,3.33217]	Ile-Zik inward ,Ikeja	12/13/17
[6.4700486,3.3226615]	2nd Rainbow inward,Oshodi Isolo	12/9/17
[6.465894,3.561445]	Ilaje B/stop before VGC, Ajalu,Eti Osa	12/4/17
[6.447506700000001,3.4670381]	Nitel Junction Admiralty Way Lekki,Eti Osa	12/5/17
[6.546217,3.3980625]	Iyana Oworo,Lagos Mainland	12/18/17
[6.5161212,3.2539701]	Ewedogbon Vulcanizer b/stop Igandi Lasu Igan Road,Alimosho	12/14/17
[6.625461199999999,3.4839356]	Laspotech bus stop ,Ikorodu	12/3/17
[6.602335,3.33217]	Ile-Zik inward Ikeja,Agege	12/13/17
[6.4874889,3.3250004]	Sanya B/Stop inward Oshodi,Surulere	12/10/17
[6.462900599999999,3.418825]	Osborne inward Ikoyi by the traffic light,Eti Osa	12/18/17
[6.5873364,3.2860588]	Abule Odu b/stop Ikotun Idumu Rd inward Idimu,Alimosho	12/19/17
[6.532775,3.367241]	Onipanu inward Fadeyi,Shomolu	12/15/17
[6.5580937,3.3263678]	Oladipo b/s by Oyegun st,Oshodi Isolo	12/7/17
[6.65576,3.294877]	Abule bus-stop,Ifako Ijaiye	12/7/17
