* Two people landed in the pool of a #LongIsland home, following a car accident, police say * #DailyVoice https://t.co/5vQONqlZO4	1
Central New York guitarist suffers serious hand injury in chainsaw accident https://t.co/shppBjpJN4	0
The fourth annual event will raise money for a special piece of equipment marking Tom McGuire's progress since his‚Ä¶ https://t.co/mFa8ytu8ig	0
Really don‚Äôt know if I‚Äôm prepared to listen to ‚Äòdid you know Kirsty macoll died in a boat accident‚Äô every time Fair‚Ä¶ https://t.co/q5YDxahlBF	0
@LibertyMutual real life insurance policy reason and if you look at the Statue of Liberty CORPORATION what does tha‚Ä¶ https://t.co/w8ycks0xeR	0
@KTHopkins Got off there by accident in 1996, wanted new York penn station, miss heard and jumped the gun, was a dump then too.	0
My favourite Christmas tradition is hearing The Pogues - ""Fairytale of New York"" then having my dad tell me for the‚Ä¶ https://t.co/2wEhhcEZpL	0
Angie Martinez, Veteran New York Hip Hop Radio Host, Injured In ‚ÄòSevere‚Äô Car Accident |\xa0Celebrities‚Ä¶ https://t.co/72DijYNchc	0
Plays:\nWe zijn hier voor Robbie\nHet Duel\nArt\nDe wereld volgens John\nHeidi Pippi Sissi Ronnie Barbie\nBetrayal\nAmadeu‚Ä¶ https://t.co/bSjgBAK3Sg	0
@gabyzajacz @kaylaparnall Maybe this is why I never received a ticket from visiting new York, I was running red lig‚Ä¶ https://t.co/69AuJaghhJ	0
NORTHBOUND NEW YORK STATE THRUWAY ACCIDENT INTO EXIT 14A #i87 #rockland #chestnutridge #ramapo	1
The National Transportation Safety Board (NTSB) has released a Marine Accident Brief about the Carnival Horizon's A‚Ä¶ https://t.co/8Pdx3o9VdR	0
SOUTHBOUND NEW YORK STATE THRUWAY ACCIDENT INTO EXIT 15A #rockland #orange #i87 #rt59 #thruway	1
After a serious accident, Hannah Gavios was told she may never walk again.\nEarlier this week she finished her secon‚Ä¶ https://t.co/Z07YWvzEc6	0
Per New York Times v Sullivan (1964), however, if by accident or misunderstanding a false statement (there's no suc‚Ä¶ https://t.co/b8OVlOhzrm	0
New York has a 3 yr statute of limitations on filing a lawsuit for a slip  &amp; fall accident. The sooner you start yo‚Ä¶ https://t.co/gnDq1W7siy	0
After an accident, Hannah Gavios was told she may never walk again.\n\nShe finished her second New York City Marathon‚Ä¶ https://t.co/w9WJkkkIwl	0
NTSB issues Marine Accident Brief 19/29, Tuesday, Nov. 5, 2019, on investigation of Aug 28, 2018, contact of the cr‚Ä¶ https://t.co/OJukyoYmZL	0
In New York, a police officer is driving his SUV when his gun ""somehow discharges,"" hitting him in the leg and stri‚Ä¶ https://t.co/ssTZAHxxg2	0
In Upstate New York, construction employee dies when he falls 4 stories from roof: https://t.co/bvAHFX5Umr	0
Video released of 10-year-old falling from zip line at Florida adventure park as family sues company - New York Dai‚Ä¶ https://t.co/XNWCOP8JzV	0
New York officer who died in ‚Äòtragic‚Äô car accident had inadvertently shot himself in the leg, police say https://t.co/20nqBadWvI	0
WWPR (Power 105.1)/New York's Angie Martinez Hurt In Auto Accident https://t.co/HvEUdtF2Mc	0
Angie Martinez, Veteran New York Hip Hop Radio Host, Injured In ‚ÄòSevere‚Äô Car Accident |\xa0Celebrities‚Ä¶ https://t.co/AjJnv63ro9	0
@ayy_its_Laura @So_New_York @LMSpearmon @Spankss @IamPoetJustGreg @drocktrot @oldmanebro @Rosenbergradio‚Ä¶ https://t.co/vHjr5tpGO5	0
Sooo @angiemartinez was involved in an accident yesterday,  the discjockey of #power1051 #theangiemartinezshow‚Ä¶ https://t.co/gCSmk7cnGT	0
Angie Martinez Injured In ‚ÄòSevere‚Äô Car Accident: Prayers up. https://t.co/d7aRnEcVWr	0
Post: Angie Martinez, Veteran New York Hip Hop Radio Host, Injured In ‚ÄòSevere‚Äô Car Accident: Prayers up.‚Ä¶ https://t.co/Ebk2X1ApG1	0
Angie Martinez, Veteran New York Hip Hop Radio Host, Injured In ‚ÄòSevere‚Äô Car\xa0Accident https://t.co/xODyw1qQhS https://t.co/jdbaxEEwqS	0
Angie Martinez Injured In ‚ÄòSevere‚Äô Car Accident https://t.co/v2IUerNOiv https://t.co/Ua0tajBGWY	0
New York officer who died in ‚Äòtragic‚Äô car accident had inadvertently shot himself in the leg, police say\nThe New Yo‚Ä¶ https://t.co/2KQ6jJHtOl	0
Because good things happen and we need to be more thankful for things we normally take for granted. https://t.co/f1oBCnlJmx	0
@Electra661 If it‚Äôs like a New York City bus, when it hits Earth 20 people, who weren‚Äôt on it in space, will claim‚Ä¶ https://t.co/LGmP9UfNLZ	0
Angie Martinez, Veteran New York Hip Hop Radio Host, Injured In ‚ÄòSevere‚Äô Car Accident https://t.co/pSzcSvkQk9	0
#1 Daniel Johnston\xa0‚Ä¢\xa0Hi, How Are You\xa0‚Ä¢\xa0Austin\xa0‚Ä¢\xa0Kurt Cobain\n\nDaniel Johnston, Enigmatic Singer-Songwriter, Is Dead‚Ä¶ https://t.co/4gKuytNwPC	0
The knife went through his eye, and everything went black.\n\nJoseph Goldstein\'s doctor didn\'t think his eye would ""s‚Ä¶ https://t.co/QtVo3eI83O	0
Angie Martinez, Veteran New York Hip Hop Radio Host, Injured In ‚ÄòSevere‚Äô Car Accident https://t.co/3WGgXWeE1k	0
LEGEND, GOD-DESS! and one of the good ones in the business.ABSOLUTELY gracious to me in a situation where not every‚Ä¶ https://t.co/wEMEy1uXA4	0
@kate_lambe She needn‚Äôt have or I‚Äôm going to New York myself and she‚Äôs having herself an accident üòÇ	0
@WTOPtraffic accident on ramp to 395 from New York ave	1
BREAKING NEWS: New York radio legend Angie Martinez involved in severe car accident. Currently recovering from frac‚Ä¶ https://t.co/856TVRxmrR	0
Accident, two lanes blocked in New York on The FDR Drive SB at The Manhattan Br/South St/x3, stop and go traffic ba‚Ä¶ https://t.co/cVdhjPqSNJ	1
Godspeed to the voice of New York @angiemartinez! I wish you a speedy recovery from your car accident.	0
Kosher Meat Mahgiach From Brooklyn (R'Joseph Goldstein, 29) Gets Eyesight Back After Knife Accident @NYDailyNews‚Ä¶ https://t.co/RwR98yotf6	0
ü§îüëÄNew York officer who died in ‚Äòtragic‚Äô car accident had inadvertently shot himself in the leg, police say | Fox Ne‚Ä¶ https://t.co/xYnqg8ndh2	0
New York officer who died in ‚Äòtragic‚Äô car accident had inadvertently shot himself in the leg, police say https://t.co/e5gXty4Qem #FoxNews	0
New York officer who died in ‚Äòtragic‚Äô car accident had inadvertently shot himself in the leg, police say https://t.co/gh4DRuhjva #FoxNews	0
New York officer who died in ‚Äòtragic‚Äô car accident had inadvertently shot himself in the leg, police\xa0say https://t.co/Q3qmu4IRA6	0
New York officer who died in ‚Äòtragic‚Äô car accident had inadvertently shot himself in the leg, police\xa0say‚Ä¶ https://t.co/RFxeewWx59	0
New York officer who died in ‚Äòtragic‚Äô car accident had inadvertently shot himself in the leg, police say | Fox\xa0News https://t.co/yhm8pQrjrT	0
New York officer who died in ‚Äòtragic‚Äô car accident had inadvertently shot himself in the leg, police say https://t.co/ZeIAjKmQVX	0
New York officer who died in ‚Äòtragic‚Äô car accident had inadvertently shot himself in the leg, police say\n\nhttps://t.co/OWlntSE9jQ	0
New York radio personality Angie Martinez recovering after suffering multiple injuries in ""severe car accident"" https://t.co/YyhMJsQBoY	0
Radio Host Angie Martinez Suffers Shattered Vertebrae in Severe Car Accident\n\nAngie Martinez is in recovery after s‚Ä¶ https://t.co/DzHfNQvc8s	0
Brooklyn, New York, Who Gets Compensated After a Car Accident? Accident Lawyers - https://t.co/rPKwm7KRrm‚Ä¶ https://t.co/rdDNW1tN0g	0
...to as many as 150 offices in Arizona, California, Connecticut, New Jersey, New York, and Pennsylvania. It now h‚Ä¶ https://t.co/LNpWQvVRme	0
Medical miracle of biblical proportion: Kosher meat-packer gets his vision back after knife accident https://t.co/FmqhAlGe1s	0
Brooklyn, New York, Who Gets Compensated After a Car Accident? Accident Lawyers - https://t.co/mD2fDuvwOB‚Ä¶ https://t.co/cFJSM9gu7K	0
New York radio legend Angie Martinez involved in severe car accident. Currently recovering from fractured lumbar and shattered vertebrae	0
Medical miracle of biblical proportion: Kosher meat-packer gets his vision back after knife accident #greatstory  https://t.co/9QX4Cd90FZ	0
@realDonaldTrump I am a WHISTLEBLOWER and am awaiting the Authorities. Public Safety depends on them doing the righ‚Ä¶ https://t.co/I59hr15wFk	0
I am a WHISTLEBLOWER and am awaiting the Authorities. Public Safety depends on them doing the right thing here in N‚Ä¶ https://t.co/YYoWPKsnKo	0
I am a WHISTLEBLOWER and am awaiting the Authorities. Public Safety depends on them doing the right thing here in N‚Ä¶ https://t.co/ituhfxrYvk	0
My first solo piece for the @nydailynews !! And I'm even happier to report that it's something uplifting. https://t.co/4Pc3tcMM3e	0
You wanna know how deeply rooted @angiemartinez is in New York culture?\n\nShe posted that she was in a severe accide‚Ä¶ https://t.co/HvlkXyrspr	0
@BoxOfDemons @sexyjoonies @KEEMSTAR @bts_bighit false accusation is a serious crime in south korea. i‚Äôve looked up‚Ä¶ https://t.co/uJJ6AzQ3uY	0
@mamendoza480 Sadly, other states are doing the same. New York is being challenged I think. Wait to people are sued‚Ä¶ https://t.co/vu9a7Q0iM3	0
New York State Scaffold Law Hamburg Construction Accident Lawyers https://t.co/OrcR7XkZ5F	0
@w_terrence He's done a ton! Can't you see how much worse New York is after he took over. That doesn't happen by accident.	0
Edinburg, NY ‚Äì Tractor Accident Involving Vehicle Leads to Fatality https://t.co/rUyX3FfVSL	1
Wow they even called me way in NYC from Miami! If you need any help then you already know! Car accident? Call me! L‚Ä¶ https://t.co/O6wISao4RI	0
Vernon, NY ‚Äì Five Teens Injured in NY-26 Car Accident https://t.co/slk1dwXvZP	1
@BellaMagnani @margherita3_9 @LaFleurDelSur @khrafnsson @suigenerisjen @NewsAccuse Now, mr Summers is certainly a m‚Ä¶ https://t.co/WBNv1yd0Ik	0
* A man driving drunk left the scene of an accident following a crash that injured a pedestrian in #SuffolkCounty,‚Ä¶ https://t.co/rITieARyAv	1
After being involved in a motor vehicle accident, many clients call and ask how long they have to fill out a no fau‚Ä¶ https://t.co/aowyCeRFyD	0
fairytale of new york plays on the radio, ShE DIeD iN a BoAtInG AcCiDEnt YoU kNoW! says my dad, it‚Äôs christmas.	0
@solarstormwind As long as we can get out of the UN and sell the property in New York for all I care, all of the ag‚Ä¶ https://t.co/hc3kfZq1pD	0
If this school tragedy happened in New York City, every major outlet would cover it. Here in West Virginia, probabl‚Ä¶ https://t.co/SdYei18jSM	0
New York State Scaffold Law Hamburg Construction Accident Lawyers https://t.co/uLjMYq8DZq	0
New York State Scaffold Law Hamburg Construction Accident Lawyers https://t.co/UPEvKO0txX	0
Brooklyn, NY ‚Äì Update: Fatal Bicycle Accident at Ave P and Ocean Pkwy https://t.co/DIEaE6lKkQ	1
Wow almost got into a huge as car accident because this dumbass bitch tried to cut me off on Peninsula out of no wh‚Ä¶ https://t.co/Tr5kumkvlF	0
{thread} there was an accident-gift last night at carnegie hall (the scotland one, not the new york one). \n\nthe mic‚Ä¶ https://t.co/dqth63ZzQf	0
@nytimes How times have changed? I was nvr allowed to the Bronx when I‚Äôd lived in New York. Drove in by accident on‚Ä¶ https://t.co/WZz0CYZS88	0
I actually experienced my first-ever New York Halloween last night purely by accident.\n\nIt was awfully cool. https://t.co/CXNur4YSJ1	0
East Otto, NY ‚Äì Passenger Killed in Accident on E Otto-Springville Rd https://t.co/0IGNr6rGFS	1
@moprob1ems ÔøºThe New York Times\nFatal Accident With Metal Straw Highlights a Risk Jul 11, 2019 ¬∑\xa0The disturbing dea‚Ä¶ https://t.co/GoRjZoNGpY	0
It‚Äôs been 7.5 hours and for the first solid hour I was frantically glued to my phone. 7.5 hours and one car acciden‚Ä¶ https://t.co/Wmw0aXVrEP	0
@DLamontJenkins Is CNN sure its UFC &amp; not a ""KFC""üçó...üòú. \n\nPathetic parasite will do anything for publicity. His tim‚Ä¶ https://t.co/AejSHI7bHl	0
Amazing. First state disability claim Eds ever filed, even after working at Ground Zero in New York after 9/11/2001‚Ä¶ https://t.co/iWsaiMc5Cu	0
#OnThisDay in 1918 \n Malbone Street Wreck: The worst rapid transit accident in US history occurs under the intersec‚Ä¶ https://t.co/RJgPNjE4H5	0
If you've suffered a personal injury, you're probably wondering: \n-How long do I have to file in New York?\n-Who‚Äôs r‚Ä¶ https://t.co/4RGuSj4o5a	0
Economic damages refer to the financial losses you have endured after being involved in a motor vehicle accident, s‚Ä¶ https://t.co/9SPmGQeVmR	0
It's a good 10 years since I was refused service or entry to anywhere, and that time it was because I went to the w‚Ä¶ https://t.co/XoL4GrSdIe	0
How is Pain &amp; Suffering Determined in an Accident?\nNew York law allows accident victims to receive compensation for‚Ä¶ https://t.co/BLpWrA9Xie	0
For the Beardsleys' #OnThisDayInHistory, the Malbone Street Wreck (or the Brighton Beach Line accident) became one‚Ä¶ https://t.co/IX2FzbH1Jp	0
Biggest redistribution of wealth &amp; epic inequality rivaling The Depression is not an economic accident it is ongoin‚Ä¶ https://t.co/rtz84x3n58	0
If your ability to #earnincome is dependent on your physical and mental health, then watch this video to learn how‚Ä¶ https://t.co/038vSrthwh	0
New soft-muscled RoboBee is accident proof. Read more: https://t.co/aKU5yycScF https://t.co/a46W1hpltN	0
This teen was told he could never run again. He proved otherwise. https://t.co/YDVCSsuJfM	0
Ofc I'd get into a car accident in Scorpio Season üò°	0
Art. II Sec. 4 of the Constitution defines grounds for #impeachment: ""...Treason, Bribery, or other high Crimes and‚Ä¶ https://t.co/fgbYbADKBc	0
Angie Martinez was in a severe car accident recently injuring her lumbar and vertebrae. I pray for a full and thoro‚Ä¶ https://t.co/Y94tJSXUKx	0
@jhanus22 No it was a accident I was typing something else	0
#AngieMartinez involved in accident üôèüèæ https://t.co/ZSgzUW8goo	0
Dear @NYC_DOT and @NYCParks there is a portion on the west side greenway that is impossible for the average commute‚Ä¶ https://t.co/PUJE3JZDKB	0
Nigga said the train got into an accident that‚Äôs why he was late to work lmaooo	0
Without health insurance coverage, how can you pay your medical bills while you wait for your #personalinjury case‚Ä¶ https://t.co/E64nE5lTbg	0
Two years ago I got into a car accident in my hometown. Every time I‚Äôm home I can see the marks on the concrete whe‚Ä¶ https://t.co/Ken01V6QEa	0
@jvbt82hhs Teen pt 3)\nBullet went through right leg and stopped by a miracle in my left side close to kidney \nThe m‚Ä¶ https://t.co/BjnXUqVfJo	0
@LeaMichele @jaggedmusical @becbecbobec @Alanis Saw you both leaving. I was in your way by accident as you were sneaking across 44th. Hi.	0
Billie Eilish is explaining why she's rocking a mullet right now - and it was an accident!: https://t.co/DACwW1Ty99	0
Opened a pic of my butthole on the train on accident and the Hasidic Jewish man next to me saw it and got up and moved away lmao	0
Seriously though, I am wondering about @ErrolSpenceJr and the seriousness of his injuries. No word since the accide‚Ä¶ https://t.co/Lxh9mDPM0Q	0
Joseph Goldstein can see again after a frightening injury caused him to go blind in one eye. Drs. Ronand Gentile &amp;‚Ä¶ https://t.co/5rJmF7jMNg	0
i think this next record will be a make-or-break moment, as in I either make 98 cents on streaming royalties or I b‚Ä¶ https://t.co/krm9hv9cEN	0
his career really went left after that on court accident w/ Vinsanity https://t.co/TNX07RVXKu	0
Anyone can have an accident while riding public transportation, but not all lawyers have the experience to go up ag‚Ä¶ https://t.co/L3A5RXtnvb	0
Coming in February!\n\n2/4\nMo' Better Blues + 4 More Spike Lee Films\nThe Oscar (1966)\n\n2/11\nTransylvania 6-5000 (1985‚Ä¶ https://t.co/wINcVQ147r	0
Lynne Spears Once Killed Boy In Car Crash, Never Reached Out To Family https://t.co/6ooQlWET9n	0
The Ultimate Michigan Car Accident\xa0Handbook https://t.co/yJ9tihu4Ss	0
The lack of home ownership within the Black community is one of the biggest contributing factors to lack of generat‚Ä¶ https://t.co/r5Ll4iH4qg	0
ADVICE FOR THE D PARTY: \nStay in the middle going hard left will result in an accident \nTry to get back the working‚Ä¶ https://t.co/HZw76fdTKi	0
.@AbbyWambach ‚ÄúYou were selfless‚Äù is seen as such high praise for a woman and we have to change that: ‚ÄúLiterally yo‚Ä¶ https://t.co/tXeAq1lcIZ	0
I thought at first he was missing on accident, but then I see him just throwing the ingredients haphazardly and I'm‚Ä¶ https://t.co/RcgcYQ7AcK	0
‚ÄúIf we knew everything back then that we know now, we would have grounded the airplanes after the first accident.‚Äù‚Ä¶ https://t.co/rgR6oFqsiQ	0
‚ÄúDemocrats now have a governing trifecta for the first time since 1993. This is no accident...Virginia‚Äôs Democrats‚Ä¶ https://t.co/y72HFx8ze4	0
TODAY!\nCUEGR\nColumbia University Epidemiology Grand Rounds\nGeoffrey Howe Memorial Lecture\n‚ÄúRadiogenomic studies in‚Ä¶ https://t.co/a2YmfDJbrx	0
Recovering Compensation After a Bicycle Accident in New Jersey https://t.co/9dxrMf8Aq4	0
This Dog Rang The Doorbell At 2 AM After Getting Locked Out By Accident &amp; Got Recorded By The Door Cam https://t.co/EQ9hy5OTYW	0
@__creolemaican Wait a min I tag you by accident. My fault	0
.@BoeingCEO ""we would have grounded the planes after the first accident"" if @Boeing knew then what it knows now‚Ä¶ https://t.co/xmjGyuWcJZ	0
My crush just unadded me on Instagram and Snapchat I‚Äôm pretty sure it was on accident tho ahahaha..... https://t.co/9hgoODrkz5	0
Success is no accident. It is hard work, perseverance, learning, studying, sacrifice and most of all, love of what‚Ä¶ https://t.co/qapwiMtyoJ	0
i left my airpods at home hi accident and it‚Äôs causing me physical pain	0
Tech:Hightech: Uber's self-driving car heavily criticised following d https://t.co/xCSt39NQIT #tech https://t.co/LQa2iRPyVN	0
@fredgatesdesign @JamesBicycle 4/n...If NTSB wants to take a meaningful toward reducing speeding, instead of analyz‚Ä¶ https://t.co/qU69WkzSQI	0
Southbound M10 are proceeding with delays because of a non-MTA related accident on Central Park West between 96 and 86 Sts.	1
Happy #NationalNachosDay! \n\nHere are your @cheddar business headlines for November 6.\n\n- Facebook expands encryptio‚Ä¶ https://t.co/50nB5ucAsi	0
it‚Äôs been exactly one year since I got into my bad car accident with my mom.	0
bruh I just witnessed a car accident &amp; now these two broads are going at it in the middle of traffic..\n\nbut anyway,‚Ä¶ https://t.co/65WNmYdtHr	1
@Corbinburnsin @AngryBlackLady TLC.\n\nChilli was hella popular back then, and then Lisa got in that car accident (ju‚Ä¶ https://t.co/EPqIg0oDkZ	0
@JimSwiftDC @danielbenaim Need to see the book. I tend to not give Doug Wead the benefit of the doubt since he retw‚Ä¶ https://t.co/i8RAHRPGOr	0
Prayers for Angie Martinez, who was involved in a severe car accident. https://t.co/zWnP0LMi81	0
If something happens or is done #bydesign, someone does it deliberately (versus by accident). #Intention is importa‚Ä¶ https://t.co/0sPcqIMMxh	0
ZIP LINE ACCIDENT: The family of a 10-year-old boy who fell from a zip line at a Florida adventure park and suffere‚Ä¶ https://t.co/E9uC0Qd4HY	0
I've somehow seen all of Pok√©mon Sword &amp; Shield by accident just by existing on the internet.	0
Accident near William on the #I90 EB causing delays #YourMorningBuffalo #YMB @SPECNewsBuffalo #BuffaloTraffic https://t.co/xBuQ8TlA4F	1
Just see an accident on boulevard. Fit run up in a Ford ranger back. Ntn at all no do the ranger ofc but the fit fu‚Ä¶ https://t.co/BFV1n7Dqtb	1
BTS member Jungkook investigated over traffic accident https://t.co/kgyC6A44S0 https://t.co/DQxM4RX3UF	0
Halloween I was dressed up and planned to fly home to my daughters in full costume. Unfortunately for some semi tru‚Ä¶ https://t.co/mi5fAnMU2r	0
DJ\xa0Angie Martinez\xa0was seriously injured in a recent car accident, she revealed on social media Monday. The\xa0Power 10‚Ä¶ https://t.co/rNp6IFtpHd	0
This accident has cleared.. expect residual delays. https://t.co/qReIj1i2n3	0
Why the fuck does a car accident across the street stop traffic smh	0
@KEEMSTAR Are you sure James Charles termination was on accident?!	0
The Supreme Court of New York, appellate division, ruled to remand an earlier decision that denied coverage of an i‚Ä¶ https://t.co/9bFgN7u7el	0
#TrafficAlert - Stay away from I-95! An accident involving three trucks causing problems this morning. @News12WC‚Ä¶ https://t.co/inOIy6EHCw	1
@MinecraftMamaJ @kingdiarmuid @Dexterbailey9 @shieldsjames I mean, it has all the other pieces in it. Its durable a‚Ä¶ https://t.co/8TTJvLyaF5	0
Accident on southbound Roosevelt Blvd near Wissahickon Ave. It looks like the left lane and part of the right lane‚Ä¶ https://t.co/CiHHsEoMga	1
When I was a kid my stepdad put this shit all over my bedroom walls ‚Äúon accident‚Äù and no one can convince me it WAS‚Ä¶ https://t.co/4pY5y4BTt5	0
Green Day's Billie Joe Armstrong Frightened After A Horrible Car Accident \n\nhttps://t.co/ejnIwx5MaY https://t.co/C7gw1fqq5k	0
**MULTI-VEHICLE ACCIDENT ALERT** I-95 NB at Exit 16 in #NewRochelle blocking two lanes.. heavy delays! Take the Hut‚Ä¶ https://t.co/pSFaxdAOyc	1
NYC Accident Attorney\n@W_Schwitzer | ‚òéÔ∏è Call Now: +1 800-933-1212\nhttps://t.co/qFhFeagxFP https://t.co/kMXPRvtDvZ	0
Why is no one addressing Russias nuclear accident? https://t.co/xKsuoPilYu	0
Queens Traffic:  Jackie Robinson Parkway west at Highland Blvd accident.  @heatherorourke7	0
New Rochelle Traffic:  I-95 north at exit 16 (Cedar Street) multi-vehicle accident involving a tractor trailer @heatherorourke7	1
@karendmadden NWA is lazy.. everything is a quick fix people overseeing these works it only takes one of these kids‚Ä¶ https://t.co/j5vNbtyqgp	0
Necro Kindle Edition. He flexed his jaw, it worked; tended to click when he moved it quickly, but perhaps it was ju‚Ä¶ https://t.co/7FAWtPhh4T	0
@TheProleStar I wonder, who treated him after the airplane accident...? And how much our if pocket has he paid for it??	0
@Mr_Brooksher He was correct there by accident	0
SB Van Wyck Expwy 2 lanes blocked at Jewel Ave with an accident. #queens #nyc #traffic #overnight This Traffic repo‚Ä¶ https://t.co/52WgxBj7Rd	1
@broadwatertmb It gonna lie it feels good. \n\nBut it was legit on accident. üòÇ	0
@broadwatertmb It was always flopping in my eyes and annoying.\n\nAnd if I'm total honest it was an accident.\nI had a‚Ä¶ https://t.co/QFPx9DB2lX	0
So my crush found out my name on YouTube is Spanish rice on accident... lol	0
Q30, Q31 and Q43 bus service has resumed after an earlier Non-MTA pedestrian accident on Sutphin Blvd at Archer Av.	0
@EricShethar Girl Talk died in a horrible accident while trying to mash up The Weeknd and case/lang/veirs	0
(You haven\'t done anything to have people write other people about you--why bother.  People would call me ""charming‚Ä¶ https://t.co/TNYz77s1DF	0
@Sad1sfies jungkook car accident	0
@SpanglyPhil @SpanglyFather @SpanglyFaith ""Its Peggy Roger\'s Joseph, I will be at your house in a few minutes I nee‚Ä¶ https://t.co/wj6EVgsYrm	1
The Obedient Accident of Lisa Rinna	0
By accident? ü§îü§î I think NOT. ü§¶\u200d‚ôÇÔ∏èü§¶\u200d‚ôÄÔ∏è\nhttps://t.co/U6itAOmXee #google #googlepixel4 #amazon	0
@jazzy_g__ Every bayo does it by accident besides purity lol	0
Good roads leads to more accident.  BJP Member of Parliament.\n\nAll the developed countries should listen to him.‚Ä¶ https://t.co/VSiv8TdD3C	0
Jungkook car accident	1
Long story short i basically hate my dads wife , we beef in the regular. So Shevon told me sis lost the phone i bou‚Ä¶ https://t.co/bruVwo5gMR	0
@DWGaffy @TheKeits I can agree but IV was supposed to be an easy game that turned into one of the most technical ga‚Ä¶ https://t.co/4nhyrXgiLO	0
Someone posted that horns on cars shouldn‚Äôt be necessary and everyone is OUTRAGED and I comment ‚Äúas a deaf person w‚Ä¶ https://t.co/18oBLnv3Br	0
Got in a car accident totaled my car have no idea how I'm getting to work anymore and I'm just gonna go fuck myself	0
@justinkan long serving spoons/spatulas are your friend for eating. had a similar accident when my ex was out of town... nightmare	0
@StonedPhillyFan The road to trump began with jfkjrs ""accident"".	0
Examine this photo closely because it features by happy accident the greatest looks I've ever seen on the faces of‚Ä¶ https://t.co/lVpmqSAdzD	0
@EmbersANerd @bowsario @miloucomehome It‚Äôs more an expression of shock/surprise or anger, like you witness an accid‚Ä¶ https://t.co/WWtsz3tnCe	0
Angie Martinez Reportedly Set To Undergo Vertebrae Surgery After Severe Car Accident https://t.co/dPKlJ2WRJq https://t.co/OrH9H7PhtJ	0
@JoshuaYehl Literally the only reason it‚Äôs two separate books is bc one artist is not capable of pumping out a 12-w‚Ä¶ https://t.co/Q98Na0v6ql	0
What exactly happens when your pet accidentally eats weed, and what‚Äôs the best way to handle it? https://t.co/CHwsB89Opw	0
@adjbbbw Didn‚Äôt see today?   They got married and there was an ‚Äúaccident ‚Äú	0
@IamDx2: Accident allegedly caused by FRSC on Ibadan /lagos high way  \n@Gidi_Traffic https://t.co/xCbgJA4Huu	1
https://t.co/rgzdBlYZRk\nFatal accident along Lagos-Ibadan expressway. See what happened\n\n#sydneytalking #InfinixS5‚Ä¶ https://t.co/De3DfOVUy6	1
@Mr_JAGs @jidesanwoolu @Riddwane @segunfafore @Sola_Giwa @lagos_cbd This is not what the people need to hear at the‚Ä¶ https://t.co/MNsov3r62p	0
AIB investigates serious incident involving Air Peace B737-500\n\nAccident Investigation Bureau, Nigeria\n\nPRESS STATE‚Ä¶ https://t.co/8oZEC6qq6Y	0
Lagos State Governor @jidesanwoolu at Balogun market to access the damage of the fire accident. \n\nNovember 6th, 201‚Ä¶ https://t.co/BrNxVYb7EN	0
Texas, LA, Atlanta, Baton Rouge, Toronto, UK, Sydney, Lagos, Ghana, NYC, Florida: Ever a reminder: if elected offic‚Ä¶ https://t.co/hpZV14DUp8	0
Texas, LA, Atlanta, Baton Rouge, Toronto, UK, Sydney, Lagos, Ghana, NYC, Florida: Ever a reminder: if elected offic‚Ä¶ https://t.co/6aRJNVhclR	0
Reminds me of the accident on idumota bridge that year when d brake of a Molue failed.Several traders on d bridge d‚Ä¶ https://t.co/ZF264exxfG	0
Clean Toyota 03 Sedan.\n#1.2m. Location:Ibadan.\n1. first body \n2. Accident free\n3. Sound 4 plug engine.\n4. Fuel econ‚Ä¶ https://t.co/nJhBHYWg0k	0
SHIPPING TO LAGOS NIGERIA!\n2015 Mercedes Benz C300 4Matic! Full option Tokunbo Accident Free! with low mileage, pre‚Ä¶ https://t.co/cxnENTnGnV	0
SHIPPING TO LAGOS NIGERIA!\n2015 Mercedes Benz C400 4Matic! Full option Tokunbo Accident Free! with low mileage, pre‚Ä¶ https://t.co/Vl4Y4fuZbC	0
My friend shop was affected today in the Lagos island fire accident, her goods of over 2m gone.... all her sweat an‚Ä¶ https://t.co/2DY4qITgsi	0
@Sir_Fin It does created by LASEMA (Lagos State Emergency Management Agency) for Fire, Ambulance, Vehicle and Accid‚Ä¶ https://t.co/KvGtOdqa64	0
2009 Mercedes Benz C300! 4Matic full Option Tokunbo! Accident free! with 67,091miles, thumbstart, Original custom d‚Ä¶ https://t.co/4WddCloB1O	0
GOOD MORNING OPEN FOR BUSINESS @CARSDIRECT NIG LTD MAGODO LAGOS OFFICE PLEASE KINDLY DM FOR ANY OF YOUR SPEC AND WE‚Ä¶ https://t.co/jZQIz7upNB	0
Building in Lagos Island on fire for a long time and still burning... LASG  fire service getting there late but you‚Ä¶ https://t.co/rAHxkfOhce	0
Abeokuta exp way (Oshodi to Iyana ipaja) is the most dangerous road to pedestrians in Lagos. The number of motor cy‚Ä¶ https://t.co/cW5xi4Kuo0	0
@FaleyeTS @MBuhari I remember @OfficialPDPNig era, when that Lagos-Ibadan was a death trap.... there 's always acci‚Ä¶ https://t.co/YwHuV7tleQ	0
Jeep 2018 \nTokunbo\nDuty cleared\nBuy and Drive\nAccident free\nCleannnn\nLagos\n\n3,950,000 (slightly negotiable)\n\nüßîüèøüöò https://t.co/4oVy92AOm5	0
Lexus GX470üöò\n2007 MODEL\nUSED FOR A YEAR\nACCIDENT-FREEüéØ\nALL PAPERS AVAILABLEüéØ\nLAGOS\nBUY AND DRIVEüõ†\nLEATHER SEAT\n4M (‚Ä¶ https://t.co/n3KmK9xWSr	0
2019 Lexus GX-460! Brand New! Full option Accident Free! with 718km, navigation, alloy wheels, Thumbstart, Reverse‚Ä¶ https://t.co/7kAWzCg2Z1	0
2015 Range Rover Evogue Dynamics Classic! Tokunbo full option accident Free with thumbstart, reverse camera, naviga‚Ä¶ https://t.co/rSWb9ssPIP	0
2019 Lexus GX-460! Brand New! Full option Accident Free! with 718km, navigation, alloy wheels, Thumbstart, Reverse‚Ä¶ https://t.co/w00hLCPSHR	0
2015 Range Rover Evogue Dynamics Classic! Tokunbo full option accident Free with thumbstart, reverse camera, naviga‚Ä¶ https://t.co/ih8d6vXLt3	0
@FRSCNigeria Please come to the aid of accident victims in a bus at Magboro outward Lagos. The fell into the side d‚Ä¶ https://t.co/cLa96b7FOX	0
@FRSCNigeria please  there is an accident before Magboro outward Lagos on Lagos Ibadan Expressway. \nA bus fell into‚Ä¶ https://t.co/sKJHGfKxpW	1
Tune into Lagos traffic Radio 96.1 this evening by 7:30pm as we discuss MOTOR INSURANCE \n#motivationalmonday‚Ä¶ https://t.co/mKU9T7A9RY	0
The couple lost their three children in a fire accident that ravaged their home. The only surviving victim in the f‚Ä¶ https://t.co/btijQlCEYC	0
Shocking!\nFatal Accident just happened right now at Poka roundabout, Epe Lagos. Cabster truck hit by a big trailer.‚Ä¶ https://t.co/SgYTss7uJD	0
2019 Honda Accord Sport! Full option Tokunbo Accident Free! with 18,017miles, thumbstart, Navigation, reverse camer‚Ä¶ https://t.co/meeyorkfZ2	0
NEW ARRIVAL UPDATE!!!!\n2019 Honda CRV AWD! Tokunbo full option accident free! with 45,019miles, thumbstart, navigat‚Ä¶ https://t.co/UdkooiFFjP	0
2016 Mercedes Benz GLE450! Full option Tokunbo Accident Free! with thumbstart, navigation, alloy wheels, reverse ca‚Ä¶ https://t.co/6Ce79Bu2Y9	0
2019 Honda Accord Sport! Full option Tokunbo Accident Free! with 18,017miles, thumbstart, Navigation, reverse camer‚Ä¶ https://t.co/qUPTFBY2Qh	0
Man dies, 9 injured on Lagos-Ibadan Expressway accident - https://t.co/SGlAGu3bA7\n@trafficbutter @Gidi_Traffic‚Ä¶ https://t.co/XCc2InCVmL	1
@afromisandry He was asked to chooseüëá\n\nSchool\nSupermarket\nAmerica\nBike\n\nDude, go for the bike, they purchased the b‚Ä¶ https://t.co/9ICs5EaKIl	0
Oh No!.. One Person confirmed dead, nine seriously injured in Lagos-Ibadan Expressway accident(See photos) https://t.co/GUnIrsXVFj	0
New post: One dead, nine injured in Lagos-Ibadan Expressway accident https://t.co/DlMfqF5bcU	0
One killed, nine others injured in Lagos-Ibadan Expressway accident - The Punch https://t.co/C7A4YLvhq0	1
New post: One dead, nine injured in Lagos-Ibadan Expressway accident https://t.co/6QlAD0cStc	1
Head On Collision Claims 1, Injures 9 On Lagos Ibadan Expressway https://t.co/nMf2HE7Dgh	1
New post: One dead, nine injured in Lagos-Ibadan Expressway accident https://t.co/0KEb72tXTs	1
Man dies, nine injured on Lagos-Ibadan Expressway accident https://t.co/NT53WatBDL https://t.co/UGiv3ey6Dd	1
‚ÄúThe bus driver didn‚Äôt calculate well before overtaking the vehicle in its front which resulted in a head-on collis‚Ä¶ https://t.co/N48jzPZioQ	1
Accident Along Lagos-Ibadan Expressway Claims One Life https://t.co/RlQYwnOeCd https://t.co/YdDUs0jPLS	1
Nollywood Actress Survive Near Death Accident At Lagos Club https://t.co/48XrS36SqW	0
One dead,\xa0nine others injured in Lagos-Ibadan Expressway\xa0accident https://t.co/D1JMoA69ZT https://t.co/zyaz6qG2dG	1
one feared died,\xa09 injured in Lagos-Ibadan Expressway accident\n https://t.co/kC9uzDtelI https://t.co/bc3fecowhx	1
Just In: One Person Dies As Petrol Tanker Collides With Bus On Lagos-Ibadan Expressway\n\nAt least one person has bee‚Ä¶ https://t.co/Gsm1V26pGV	1
Overtaking: Man dies, 9 injured in Lagos-Ibadan E/Way accident https://t.co/iyRN3nhtw6 https://t.co/MtJlWtz7Bd	1
One killed, Nine sustained injuries in Lagos-Ibadan Expressway\xa0accident https://t.co/UED1YxBkl4 https://t.co/zDGMP1pBHV	1
Lagos-Ibadan Expressway Accident: One Killed,  Nine Others Injured https://t.co/eLWxCclPuu	1
@Gidi_Traffic @Crhedrys And you call it an accident? You were supposed to say that FRSC just murdered a man in cold blood.	0
FRSC Officers Cause Accident In Ibadan, 3 Dead (Photos) https://t.co/lvvOYgROAl	1
I just had an Okada accident cause people won't stop drunk driving.  Idek how I walked away unharmed	0
My wrist has been hurting since today and I wondered what could be the cause and I just remembered that I had bathr‚Ä¶ https://t.co/AIU0BGVcmS	0
Accident caused by @FRSCNigeria on Ibadan /lagos high way  \n@Gidi_Traffic https://t.co/zYUzFb7X3v	1
Collyer Quay Accident: 62-years-old Man Seriously\xa0Injured https://t.co/Pffg1JSF3l https://t.co/jgljG2a5vB	0
@john_danfulani From the day he escaped one accident in Koto, Kogi state, i knew his enemies have started.	0